,probs_acf,probs_roc,probs_bl,priv_group_col,actuals
0,0.6516384351058873,0.628099731743778,0.628099731743778,1,1
1,0.2798170080756289,0.3096724985073244,0.3096724985073244,0,0
2,0.6142651798808694,0.4265616739014124,0.5734383260985876,1,1
3,0.2901788292660803,0.3429763219592586,0.3429763219592586,1,1
4,0.4272917708477119,0.547136271660416,0.45286372833958405,1,0
5,0.35766141386162525,0.5921010011177927,0.4078989988822073,1,1
6,0.5034043074153427,0.4886604140850266,0.5113395859149734,1,1
7,0.3483051375022036,0.3616514550365373,0.3616514550365373,1,1
8,0.6144980632289214,0.4181899672126369,0.5818100327873631,1,1
9,0.3906725237811185,0.5781030069147608,0.4218969930852392,1,0
10,0.5501193373625074,0.5195095847101221,0.48049041528987785,1,0
11,0.26224242690231114,0.30588644015598637,0.30588644015598637,0,0
12,0.6007401250051284,0.49939019242364835,0.5006098075763517,0,1
13,0.4741771358578168,0.5052377595732743,0.4947622404267257,1,0
14,0.5359149641440131,0.5061446999643093,0.4938553000356906,1,1
15,0.47137767501207745,0.5431749995476054,0.4568250004523946,1,0
16,0.5212498633896303,0.4514990162306569,0.5485009837693431,1,1
17,0.3784514816380856,0.5915265134491274,0.40847348655087257,1,1
18,0.3616877740801216,0.3953711552971605,0.3953711552971605,1,0
19,0.5095443299305285,0.4958841878032584,0.5041158121967416,1,1
20,0.6197193144471047,0.617706520019473,0.617706520019473,1,1
21,0.620551234966555,0.43739452143112456,0.5626054785688754,1,1
22,0.5895874532007194,0.47184206016381514,0.5281579398361849,1,1
23,0.5915611434374396,0.4381043910734428,0.5618956089265572,1,1
24,0.6402817915825673,0.4298154703627105,0.5701845296372895,1,1
25,0.6291484988794397,0.46361066510189897,0.536389334898101,1,1
26,0.6474759814965484,0.6146687274548633,0.6146687274548633,1,1
27,0.5983756877460085,0.44944646445319125,0.5505535355468087,1,1
28,0.6119643791009151,0.4450560199696454,0.5549439800303546,1,1
29,0.19797527169235746,0.28425574017573213,0.28425574017573213,1,0
30,0.532646358268576,0.496447279908678,0.503552720091322,1,1
31,0.44912152909879083,0.5747224753270571,0.4252775246729429,1,1
32,0.505138278558057,0.5157802431773117,0.4842197568226882,1,1
33,0.6047706846019619,0.4187962780628829,0.5812037219371171,1,1
34,0.5530428029577612,0.5050255652302911,0.494974434769709,1,1
35,0.29559828996364096,0.35498930596943096,0.35498930596943096,1,0
36,0.2986035298513055,0.3297973537500977,0.3297973537500977,1,1
37,0.5177378908377804,0.5070995102279485,0.4929004897720515,1,0
38,0.6131288234952533,0.4562718720768971,0.5437281279231029,1,1
39,0.6074670663613642,0.43686023406744523,0.5631397659325548,0,1
40,0.4452837767983628,0.547872346519114,0.452127653480886,1,1
41,0.5983771113763077,0.46541849422406667,0.5345815057759333,1,1
42,0.5027773168892676,0.49693853891749007,0.5030614610825099,1,1
43,0.4270206978740685,0.5730802571288636,0.4269197428711365,0,1
44,0.2518146934581442,0.3239322705160291,0.3239322705160291,1,0
45,0.5924569081319588,0.42109898235078946,0.5789010176492105,1,1
46,0.4134423321503969,0.5390681160863424,0.46093188391365764,1,1
47,0.6394462789458902,0.47672793752632847,0.5232720624736715,0,1
48,0.5719424990191446,0.44575350488309684,0.5542464951169032,1,1
49,0.5920552323188404,0.44751043789042977,0.5524895621095702,1,1
50,0.4612298058988205,0.5499373950784219,0.4500626049215782,1,1
51,0.4500938574653776,0.5652263792120958,0.43477362078790416,1,1
52,0.6021662478249925,0.44418438267773275,0.5558156173222673,1,1
53,0.5656274889105778,0.4854413998903222,0.5145586001096778,1,1
54,0.363060943938466,0.5955564614128025,0.4044435385871975,1,0
55,0.6675061699754018,0.4237779401804358,0.5762220598195642,1,1
56,0.5544706088740178,0.5004771408726532,0.4995228591273468,1,0
57,0.3507169115583815,0.3869315535989421,0.3869315535989421,1,1
58,0.5195675950629643,0.5282581822730177,0.47174181772698237,0,1
59,0.32811792010884694,0.37025445215390773,0.37025445215390773,0,0
60,0.6066438015341012,0.4767148266360687,0.5232851733639313,1,1
61,0.5914067310459885,0.41432891409785644,0.5856710859021436,1,1
62,0.37351913803786907,0.5940710692321176,0.40592893076788233,1,0
63,0.2175718068137893,0.28268079745966757,0.28268079745966757,1,0
64,0.48102459818363685,0.498684023268793,0.501315976731207,1,1
65,0.46451422343559157,0.46772516409507925,0.5322748359049208,1,1
66,0.5861303158731592,0.4775754775164751,0.5224245224835249,1,1
67,0.5764004000856764,0.48267359207722194,0.5173264079227781,0,1
68,0.38826329126287606,0.5772337756513455,0.4227662243486546,1,0
69,0.40977933920826265,0.5455674891807891,0.4544325108192108,1,1
70,0.3564313951916555,0.36652462308661277,0.36652462308661277,1,1
71,0.6597152864861485,0.6111400898497088,0.6111400898497088,1,1
72,0.6021346311209647,0.4363368927629858,0.5636631072370142,1,1
73,0.3175726110217793,0.336120121905157,0.336120121905157,1,1
74,0.38566472528093926,0.5764702058824575,0.42352979411754255,1,0
75,0.5655922729475845,0.45028645020219393,0.5497135497978061,1,1
76,0.30831422169241124,0.36250078333702246,0.36250078333702246,1,0
77,0.5723676751191094,0.45587277522865266,0.5441272247713473,1,1
78,0.24160085140147308,0.3073372823871323,0.3073372823871323,1,1
79,0.41381225483498046,0.38666449193342906,0.38666449193342906,0,1
80,0.4989917557716337,0.5343554056159316,0.46564459438406836,1,0
81,0.5855423684415962,0.43862428493676586,0.5613757150632341,1,1
82,0.5456469766437049,0.4887971705089825,0.5112028294910175,0,1
83,0.47111164878364187,0.5233000020682234,0.47669999793177664,1,1
84,0.5842295706755005,0.4425348756420313,0.5574651243579687,1,1
85,0.6050177996362411,0.4325654162364462,0.5674345837635538,1,1
86,0.5190308383766271,0.5113148806155724,0.4886851193844276,1,1
87,0.3110070261556323,0.36171808887242207,0.36171808887242207,1,0
88,0.5144255168612448,0.4919239057872917,0.5080760942127083,1,1
89,0.5694518262242786,0.4527498468504876,0.5472501531495124,1,0
90,0.6181140484579526,0.6034627449438347,0.6034627449438347,1,1
91,0.5793909286185195,0.4457409029111745,0.5542590970888255,1,1
92,0.6098547965731331,0.4194325304786346,0.5805674695213654,1,0
93,0.47650968440497815,0.5148294908821647,0.48517050911783527,0,1
94,0.5859929827623956,0.4304956051079831,0.5695043948920169,1,1
95,0.16459526956974527,0.25445274285831826,0.25445274285831826,1,0
96,0.6052410571133546,0.4334297819395595,0.5665702180604405,1,1
97,0.5169644231494802,0.47975116037270327,0.5202488396272967,1,1
98,0.39421974307333496,0.5568132702380812,0.4431867297619187,1,1
99,0.47438788055746656,0.5092232248530029,0.49077677514699714,1,1
100,0.49331433560953747,0.49664585742485645,0.5033541425751435,1,1
101,0.37637348448193714,0.5924502859554686,0.4075497140445314,0,1
102,0.6527735270873882,0.422371742836787,0.577628257163213,0,1
103,0.5971871748442971,0.44035540605262447,0.5596445939473755,1,1
104,0.6133071733229467,0.4301640282585524,0.5698359717414476,1,1
105,0.4053526192443435,0.5599893646351053,0.4400106353648947,1,0
106,0.5012749887804567,0.4927214826804819,0.5072785173195181,1,0
107,0.5361962262108132,0.5024937965540017,0.4975062034459982,1,1
108,0.4436711287210244,0.5838230638095381,0.41617693619046187,1,1
109,0.6026539132708633,0.47106085587126356,0.5289391441287364,1,1
110,0.6435473521183955,0.438299011334643,0.561700988665357,1,1
111,0.5484202870969247,0.48668348017997043,0.5133165198200296,0,1
112,0.4715740386285445,0.5324774237413168,0.46752257625868315,1,1
113,0.3471183230255032,0.5995277650788767,0.40047223492112327,1,0
114,0.5842872231126469,0.4749186094755682,0.5250813905244318,1,1
115,0.33479328906619715,0.381811297154519,0.381811297154519,1,1
116,0.3038517711098142,0.36333310399150925,0.36333310399150925,1,0
117,0.5997066832353353,0.46626395980515534,0.5337360401948447,1,1
118,0.41801879082436794,0.5811814293045083,0.41881857069549167,0,0
119,0.5915652952954334,0.44819794035752214,0.5518020596424779,1,1
120,0.5055317082498922,0.5159253942200906,0.48407460577990935,1,0
121,0.48268467852821106,0.5167897009668005,0.4832102990331994,1,1
122,0.5862207332965477,0.4743353102457454,0.5256646897542546,0,1
123,0.5996850347063357,0.4222218035495886,0.5777781964504114,1,1
124,0.514744899110353,0.5043214793380122,0.49567852066198775,1,0
125,0.553490535875986,0.4703413789928145,0.5296586210071855,1,1
126,0.5690622857982417,0.4692389648155909,0.5307610351844091,1,1
127,0.5708621594561684,0.46920036368867524,0.5307996363113248,1,0
128,0.5821737749749061,0.44966198659578005,0.55033801340422,1,1
129,0.5498982398735229,0.4881667009784766,0.5118332990215234,1,0
130,0.2721423503616218,0.29749729834877714,0.29749729834877714,0,1
131,0.3234773889020756,0.3716741584072127,0.3716741584072127,1,0
132,0.5554652664704351,0.4778506615392969,0.5221493384607031,1,1
133,0.5178898553348237,0.4788577111886756,0.5211422888113244,1,1
134,0.21454020016600733,0.293021727334344,0.293021727334344,0,1
135,0.6297859475983708,0.4027959541004458,0.5972040458995542,1,1
136,0.43950628566097993,0.5465694195458114,0.4534305804541886,1,1
137,0.5888949822115462,0.4405462885932353,0.5594537114067647,1,0
138,0.5721726573595358,0.44571757613578233,0.5542824238642177,1,1
139,0.5827169109766914,0.48848105387382257,0.5115189461261774,1,1
140,0.6435553003066963,0.4424532517186526,0.5575467482813474,1,1
141,0.344869634147032,0.3634957338166109,0.3634957338166109,1,1
142,0.4321255078323929,0.5716432308911834,0.42835676910881654,1,1
143,0.5195862895242581,0.5337237557351829,0.46627624426481706,0,0
144,0.5202542568577956,0.4832442074558634,0.5167557925441366,0,1
145,0.2880070234033711,0.33617419701821566,0.33617419701821566,1,1
146,0.6459945248302698,0.42121661777125374,0.5787833822287463,1,1
147,0.6175366135411524,0.4099739877476146,0.5900260122523854,1,1
148,0.35530925127535706,0.38527946192836116,0.38527946192836116,1,1
149,0.5734469704704038,0.41920808480133454,0.5807919151986655,1,1
150,0.6563591088789381,0.40072150738225276,0.5992784926177472,1,1
151,0.6394011197793711,0.4178498758941199,0.5821501241058801,1,1
152,0.34864407298111594,0.3711467549377054,0.3711467549377054,0,1
153,0.4443759011781683,0.5497783337577824,0.45022166624221754,1,1
154,0.43209305987145624,0.540613254892679,0.45938674510732097,1,1
155,0.5680023990416952,0.4933725782239027,0.5066274217760973,0,0
156,0.6219786238077655,0.41073847486853055,0.5892615251314695,1,1
157,0.555732388282243,0.5039245690665399,0.4960754309334601,1,1
158,0.47881863398849706,0.5331022871514548,0.4668977128485452,1,1
159,0.6847003688277664,0.6171705385672184,0.6171705385672184,1,1
160,0.5301500769083686,0.45591726371683094,0.544082736283169,1,1
161,0.5383345076198768,0.4903700958570938,0.5096299041429062,1,1
162,0.5898009913840351,0.42519999435879174,0.5748000056412083,1,1
163,0.5222916073462804,0.5065379309443007,0.49346206905569934,1,1
164,0.4136339586038509,0.5451701914968994,0.4548298085031006,1,1
165,0.6606329720638464,0.41961211322010017,0.5803878867798998,1,1
166,0.505997191065437,0.5222756299636637,0.4777243700363363,1,0
167,0.5759298976583246,0.4888681961421941,0.5111318038578059,0,1
168,0.48785135348852837,0.5209701277033247,0.4790298722966752,1,1
169,0.4949754868428387,0.4814820119511225,0.5185179880488775,1,0
170,0.5268969247541018,0.48628346899519515,0.5137165310048049,1,0
171,0.5966273757430789,0.4549613390300642,0.5450386609699358,1,1
172,0.47458604132541293,0.5528643967878961,0.4471356032121038,1,0
173,0.6058457591352306,0.44553920298249616,0.5544607970175038,1,1
174,0.4810975542701729,0.5561452003934585,0.4438547996065415,1,0
175,0.4001771785485932,0.5866211977944809,0.4133788022055191,1,0
176,0.5617337387686754,0.505655490147594,0.49434450985240597,1,1
177,0.6450045813021484,0.6170933485999768,0.6170933485999768,1,1
178,0.5891465583882852,0.4370660344355958,0.5629339655644042,1,1
179,0.5094777016100696,0.47815213996590855,0.5218478600340914,1,1
180,0.3514822695609919,0.36882797975595066,0.36882797975595066,1,0
181,0.3760266167738473,0.38525523563030667,0.38525523563030667,1,0
182,0.4884277477148939,0.514523689804868,0.4854763101951321,1,0
183,0.5049455619551078,0.47001102839734665,0.5299889716026533,1,1
184,0.5302702171799629,0.46993971458802686,0.5300602854119731,1,0
185,0.5799648904347413,0.4387823331836722,0.5612176668163278,1,1
186,0.5607950413252626,0.4819737793700466,0.5180262206299534,1,0
187,0.5632476502487033,0.4746886433167973,0.5253113566832027,1,1
188,0.581146857696038,0.4823932610972338,0.5176067389027662,0,0
189,0.5265344092396336,0.5076141973293206,0.49238580267067944,1,1
190,0.5022339065441106,0.4940841997339509,0.5059158002660491,1,0
191,0.27742791741277956,0.34432087577220555,0.34432087577220555,1,0
192,0.4291022042365873,0.5532499496055894,0.4467500503944106,1,0
193,0.6477790799926467,0.4248837010904395,0.5751162989095605,1,1
194,0.31046397872952575,0.35713132402544845,0.35713132402544845,0,0
195,0.6214119055767915,0.4367124454036705,0.5632875545963295,1,0
196,0.6768543491373973,0.41406543321570477,0.5859345667842952,1,1
197,0.5592898050499522,0.45096255273031693,0.5490374472696831,1,0
198,0.47117491420648155,0.5210799025675081,0.4789200974324918,1,1
199,0.49613924315236363,0.5065870771637353,0.4934129228362647,1,0
200,0.6442347778809046,0.6045660503541481,0.6045660503541481,1,1
201,0.5540450159515403,0.4708072828311096,0.5291927171688904,1,1
202,0.4551971773701613,0.5118404127128946,0.4881595872871054,1,1
203,0.5608646787556598,0.4734258360389515,0.5265741639610485,0,0
204,0.5934986738088964,0.43577373158670696,0.564226268413293,1,1
205,0.3576835621092849,0.572459803278339,0.42754019672166094,1,1
206,0.6109243972116932,0.6147221596082106,0.6147221596082106,1,1
207,0.5792599830334759,0.44747240328386273,0.5525275967161373,1,1
208,0.42497188831921884,0.5977097941112438,0.4022902058887562,0,1
209,0.6163945964246794,0.4386469807529527,0.5613530192470473,1,1
210,0.6555226276283436,0.40058073681233597,0.599419263187664,1,1
211,0.4271182387424392,0.5488156758407292,0.45118432415927073,1,1
212,0.4240698103009307,0.563221682268475,0.4367783177315249,1,0
213,0.44167167361268506,0.5321410451460247,0.4678589548539754,1,0
214,0.42327442148997596,0.5469516908482057,0.45304830915179434,1,1
215,0.6672425827540697,0.4114466930053713,0.5885533069946287,1,1
216,0.5021069320289238,0.5436160835722437,0.45638391642775633,1,1
217,0.3970669056124993,0.39533528025444814,0.39533528025444814,0,1
218,0.45987567799839046,0.5805002293188313,0.4194997706811687,0,1
219,0.6202497127418286,0.42677487838935735,0.5732251216106427,1,1
220,0.5650542531133252,0.4929171755873667,0.5070828244126333,1,1
221,0.5605513759076398,0.4819656533869793,0.5180343466130207,0,1
222,0.5941495381660283,0.43650057254709396,0.563499427452906,1,1
223,0.5108210497464066,0.4560047250198642,0.5439952749801358,1,1
224,0.5537343353065433,0.4720872465751531,0.5279127534248469,1,1
225,0.38974446611976027,0.5766780633533843,0.4233219366466157,1,1
226,0.25730964803051326,0.3009224952997356,0.3009224952997356,1,0
227,0.4914703815248163,0.4999036687641468,0.5000963312358532,1,0
228,0.6197273080943796,0.43054870611980556,0.5694512938801944,0,0
229,0.4206915045939491,0.39216406596355824,0.39216406596355824,0,1
230,0.36298710077937185,0.39826813341882056,0.39826813341882056,1,0
231,0.6150146410180294,0.4333979139428443,0.5666020860571557,1,1
232,0.6023755326094739,0.4553112669838504,0.5446887330161496,1,1
233,0.5308666560042289,0.49654021636983436,0.5034597836301656,1,1
234,0.6839288686624676,0.6205157264666685,0.6205157264666685,1,1
235,0.45363446515807015,0.551211937053516,0.44878806294648405,1,0
236,0.5254943386631734,0.5146611392954419,0.4853388607045581,0,0
237,0.4744469308693798,0.5381895574036524,0.4618104425963476,1,0
238,0.5993456964077566,0.4306243412114027,0.5693756587885973,1,1
239,0.4434996844420408,0.569295574274818,0.43070442572518197,1,1
240,0.4656666211600905,0.5521309986712886,0.4478690013287114,1,0
241,0.6457489873684203,0.40598581088040775,0.5940141891195923,1,1
242,0.2729805593744008,0.3320745930196141,0.3320745930196141,0,0
243,0.6096526323257567,0.43411184705085915,0.5658881529491409,1,1
244,0.5743232508053929,0.44146001585256045,0.5585399841474395,1,1
245,0.5091667569764572,0.5094996379444099,0.49050036205559006,1,1
246,0.6210038331300974,0.6211158746290266,0.6211158746290266,1,1
247,0.6140775749134496,0.4631982346116019,0.5368017653883981,1,1
248,0.49332979001897465,0.5364297178361621,0.4635702821638379,1,1
249,0.558711069434262,0.481416363873179,0.518583636126821,0,0
250,0.6466599437233408,0.6019098271209038,0.6019098271209038,1,1
251,0.5835946641423467,0.49282877795902025,0.5071712220409798,1,1
252,0.3970025783772721,0.38728189533033275,0.38728189533033275,0,0
253,0.49833546577142923,0.5057839431868472,0.4942160568131529,1,1
254,0.6270090084301866,0.46351613938282354,0.5364838606171765,0,1
255,0.21903196487691942,0.26085949317897855,0.26085949317897855,1,1
256,0.49987130151134584,0.4906105050362741,0.5093894949637259,1,1
257,0.5403519519437049,0.5103273212313572,0.48967267876864284,1,0
258,0.5871131241141434,0.46594851755299194,0.5340514824470081,0,1
259,0.6235558602375468,0.6148827467509713,0.6148827467509713,1,1
260,0.5754185114437429,0.4843153981009173,0.5156846018990827,1,1
261,0.4670422559840861,0.5206638697931375,0.4793361302068625,1,1
262,0.4994600464150688,0.5016262852824316,0.4983737147175684,1,1
263,0.5854864869982832,0.4472041564836179,0.5527958435163821,1,1
264,0.6258568278887009,0.605087600022286,0.605087600022286,1,1
265,0.5554138311159683,0.4582331117599231,0.5417668882400769,1,0
266,0.39022567714176826,0.5353659755000155,0.46463402449998453,1,1
267,0.49144029025206193,0.5119000175352919,0.4880999824647081,1,1
268,0.4998420977911287,0.5182838688309928,0.4817161311690073,1,0
269,0.5230979804447845,0.4781826058771411,0.5218173941228589,1,1
270,0.5428273358390996,0.46620324203539076,0.5337967579646092,1,1
271,0.6191547141935179,0.42084380936065346,0.5791561906393465,1,1
272,0.21703799520136224,0.30047587044521346,0.30047587044521346,1,1
273,0.29682310697371506,0.3774131474483673,0.3774131474483673,1,0
274,0.3410960803614714,0.34617917821439226,0.34617917821439226,1,0
275,0.6323918707432234,0.43141806770816915,0.5685819322918308,1,1
276,0.5639731453687412,0.47335100666881047,0.5266489933311895,1,1
277,0.6007113044868438,0.4449536993281209,0.5550463006718791,1,1
278,0.621482408711536,0.4320922982640856,0.5679077017359144,1,0
279,0.5022742042440622,0.48953039688391753,0.5104696031160825,1,1
280,0.5859674243077491,0.4376167698849285,0.5623832301150715,0,1
281,0.5867520700301342,0.4446195327583242,0.5553804672416758,1,1
282,0.5388564335135997,0.4701445974850428,0.5298554025149572,1,1
283,0.5914110571548237,0.4158035948617659,0.5841964051382341,1,1
284,0.4627464530376256,0.5360080812217243,0.46399191877827567,1,1
285,0.24003215294049252,0.27103754553881926,0.27103754553881926,1,1
286,0.26868065521917134,0.3402199285736125,0.3402199285736125,1,1
287,0.2687643772281037,0.3195732079066171,0.3195732079066171,1,1
288,0.5853387247331716,0.430653289782309,0.569346710217691,1,1
289,0.4695231143411075,0.5228570102816537,0.4771429897183463,1,0
290,0.6203978052232813,0.4458058082316654,0.5541941917683346,1,1
291,0.3341494602549824,0.3654467640986659,0.3654467640986659,1,0
292,0.44646500613009577,0.5414003336230253,0.4585996663769747,1,1
293,0.32090243203071617,0.38300494455637246,0.38300494455637246,1,1
294,0.27921989416178716,0.3575224533626697,0.3575224533626697,1,1
295,0.25023516966984666,0.2887855861555011,0.2887855861555011,1,0
296,0.5922782705388995,0.46668638727637757,0.5333136127236224,0,1
297,0.610894428277576,0.43885490199630606,0.5611450980036939,1,1
298,0.5516400145081024,0.4542275856024456,0.5457724143975544,1,1
299,0.5269649216631752,0.49225637383837817,0.5077436261616218,1,1
300,0.6654806440492489,0.40733873023436906,0.5926612697656309,1,1
301,0.3628063182618607,0.37844623399495025,0.37844623399495025,1,0
302,0.49522643694724916,0.504019445626011,0.4959805543739891,1,0
303,0.5924328741673622,0.43805012307530555,0.5619498769246944,1,1
304,0.25663938814819315,0.3049336400387199,0.3049336400387199,1,0
305,0.6424561822964767,0.40440203775356476,0.5955979622464352,1,1
306,0.4406787123670165,0.5661968688209454,0.43380313117905456,0,1
307,0.575308013676118,0.4596778902474057,0.5403221097525943,1,0
308,0.608520871954728,0.44148635570780703,0.558513644292193,0,0
309,0.5887393145767473,0.4521990599423249,0.5478009400576751,0,1
310,0.27420979156753705,0.32677667519235715,0.32677667519235715,1,1
311,0.4528881543349837,0.5486914192129706,0.45130858078702946,1,1
312,0.4662328925445577,0.5388418624448642,0.4611581375551358,1,1
313,0.579125070370431,0.4799997692975482,0.5200002307024518,1,0
314,0.6626254349986924,0.4274532310479502,0.5725467689520498,1,1
315,0.35346619281960295,0.39591607367321596,0.39591607367321596,1,0
316,0.5800248790203573,0.47363202709172814,0.5263679729082719,1,1
317,0.48841931415752277,0.5302064327835252,0.4697935672164748,1,1
318,0.6035561853030778,0.4269192794368588,0.5730807205631412,1,1
319,0.541878838201921,0.4936669959278587,0.5063330040721413,1,1
320,0.40002724187389455,0.5734718512659029,0.4265281487340971,1,0
321,0.45761971499485943,0.5355387574297944,0.4644612425702056,1,0
322,0.4708047398071548,0.5771446668007858,0.4228553331992142,1,1
323,0.5071048816930942,0.5107740711769682,0.48922592882303184,1,1
324,0.5505437619265838,0.45473813116935335,0.5452618688306466,1,1
325,0.6127988509354597,0.4374576238563712,0.5625423761436288,1,1
326,0.5916657958121863,0.4343121504327312,0.5656878495672688,1,1
327,0.505872917414448,0.4897077267285056,0.5102922732714944,1,1
328,0.3634174340934895,0.3997525708810551,0.3997525708810551,1,1
329,0.6223535499651165,0.40002466587339935,0.5999753341266006,1,1
330,0.44579753129214705,0.5446333210721013,0.45536667892789867,1,1
331,0.5547552302214475,0.46161313249542824,0.5383868675045718,1,0
332,0.1799923064611293,0.24161941337624698,0.24161941337624698,0,0
333,0.2549977356430626,0.32012968897485045,0.32012968897485045,0,0
334,0.4314040177868605,0.5622859242249345,0.43771407577506544,0,0
335,0.6242151510973353,0.4408767986570318,0.5591232013429682,1,0
336,0.568824697535901,0.48572608199400036,0.5142739180059996,0,1
337,0.5387562245983352,0.5136440118999287,0.4863559881000713,0,0
338,0.43508165086673156,0.5358424996142386,0.46415750038576137,1,1
339,0.5749534723591492,0.46565861074663384,0.5343413892533662,1,1
340,0.45182820940422147,0.5545930989506809,0.4454069010493192,0,1
341,0.48592978333197234,0.5470392927611722,0.4529607072388277,1,1
342,0.5380265802398148,0.5103401925044027,0.4896598074955974,1,1
343,0.5176599372415539,0.5500512985875292,0.44994870141247073,1,1
344,0.5749140381795251,0.5021785556217566,0.49782144437824344,1,1
345,0.5724216430559609,0.4587144534658779,0.5412855465341221,1,1
346,0.584964308176952,0.43604599355061746,0.5639540064493825,0,1
347,0.4793909274094279,0.5602912660729489,0.43970873392705107,0,1
348,0.6687940209681983,0.4106100357350885,0.5893899642649115,1,1
349,0.6044515017600777,0.4247470968217766,0.5752529031782234,1,0
350,0.6374820613634937,0.44214150693847243,0.5578584930615276,0,1
351,0.6164117370582953,0.4758898014767047,0.5241101985232953,1,0
352,0.5770903020801557,0.4475745210105968,0.5524254789894032,1,1
353,0.5126730853641054,0.4997759047708423,0.5002240952291577,1,0
354,0.6191766641075803,0.4117389554187382,0.5882610445812618,1,1
355,0.4579933474301237,0.5632476646616007,0.43675233533839924,0,0
356,0.6512811345113744,0.40072012507254884,0.5992798749274512,1,1
357,0.38607004142485674,0.5730725177850494,0.4269274822149506,1,0
358,0.6004451717278667,0.43394582467192766,0.5660541753280723,1,1
359,0.4058855372400337,0.5798364832863481,0.42016351671365193,0,0
360,0.5246316713891275,0.48472795157067816,0.5152720484293218,1,1
361,0.5926040721981625,0.4523166508138824,0.5476833491861176,1,1
362,0.5764167329979951,0.4850550922179794,0.5149449077820206,1,1
363,0.6468748185479756,0.45159219926593264,0.5484078007340674,0,1
364,0.4936310527382588,0.5369569258166613,0.46304307418333873,1,0
365,0.6188586474161161,0.42155285208470317,0.5784471479152968,1,1
366,0.5475211688935381,0.47872982820009435,0.5212701717999056,1,1
367,0.5037190206495961,0.5455554848421065,0.45444451515789347,0,1
368,0.35347491689732424,0.3900653559820782,0.3900653559820782,1,0
369,0.5190812529321619,0.5084172444248798,0.49158275557512016,1,1
370,0.3989644624047942,0.5474981957837136,0.4525018042162864,1,1
371,0.5355327761148538,0.446255002350437,0.553744997649563,1,1
372,0.6247248501874157,0.4501655584016818,0.5498344415983182,0,1
373,0.17941149413681312,0.2657988441947331,0.2657988441947331,1,1
374,0.14809600914136878,0.23498104782274853,0.23498104782274853,1,0
375,0.25162055571152514,0.30012678061237086,0.30012678061237086,1,0
376,0.5647017710795694,0.46003913537034014,0.5399608646296599,1,1
377,0.6551425054787995,0.6074644236668542,0.6074644236668542,1,1
378,0.26041508569948424,0.3265664804228228,0.3265664804228228,1,0
379,0.651415707336871,0.6214669922733039,0.6214669922733039,1,1
380,0.5157620335481569,0.4801481977515396,0.5198518022484604,1,1
381,0.41117719858634105,0.5591803352562321,0.4408196647437678,1,0
382,0.512506300834137,0.4876659846099284,0.5123340153900716,1,1
383,0.5614828204703489,0.4841882082175004,0.5158117917824996,1,1
384,0.4476891911144582,0.5536286550982119,0.44637134490178804,1,1
385,0.5642285567146569,0.48475750909745974,0.5152424909025403,1,1
386,0.5597096999107438,0.4838278279446605,0.5161721720553395,0,1
387,0.47010606827686313,0.5007312195466621,0.4992687804533379,1,1
388,0.567199686911368,0.46860079082002437,0.5313992091799756,1,1
389,0.6205165826047971,0.43057503122496044,0.5694249687750396,1,1
390,0.5529017240370987,0.4932468286271101,0.5067531713728899,1,1
391,0.5969641507379817,0.48189755570546144,0.5181024442945386,0,1
392,0.35961230950169815,0.37844554475552566,0.37844554475552566,1,1
393,0.6436467982394795,0.42439262584881954,0.5756073741511805,1,1
394,0.6265585041787585,0.4275378039793438,0.5724621960206562,1,1
395,0.2944289269709763,0.33953837108906204,0.33953837108906204,1,1
396,0.5384426240514024,0.4969113625403624,0.5030886374596376,1,1
397,0.38882333964958343,0.5924559010891255,0.40754409891087445,1,1
398,0.5871024901512842,0.49544952653479124,0.5045504734652088,1,0
399,0.5174841577945216,0.4967459283801883,0.5032540716198117,1,1
400,0.5638580588426098,0.44748408581437893,0.5525159141856211,1,1
401,0.5381517324604354,0.4568465260770749,0.5431534739229251,1,1
402,0.4401345148728433,0.5557184443569492,0.4442815556430508,1,0
403,0.5724630003932221,0.45418234819488934,0.5458176518051107,1,1
404,0.5191447687570665,0.4699212476674076,0.5300787523325924,1,1
405,0.501769296487226,0.5642828662007637,0.4357171337992363,0,0
406,0.5339287497969912,0.43806887521985205,0.561931124780148,1,1
407,0.5418584309131572,0.4923376330342255,0.5076623669657745,1,1
408,0.5101080661843673,0.5048187712914551,0.4951812287085448,1,1
409,0.6089815669901134,0.41749341938031104,0.582506580619689,1,0
410,0.48129183387632285,0.5164386295771106,0.4835613704228893,0,1
411,0.40452575970512294,0.5614979307242103,0.4385020692757898,1,1
412,0.589056019679994,0.442673810159274,0.557326189840726,1,0
413,0.6000942072613273,0.45748763182984864,0.5425123681701514,1,1
414,0.4656053000313861,0.5460629438650492,0.45393705613495083,1,0
415,0.4028422276071003,0.5666560047379012,0.43334399526209877,1,1
416,0.5324323494722069,0.5014858685047916,0.4985141314952084,1,0
417,0.48450742243367567,0.5599358380914424,0.44006416190855757,0,1
418,0.5271181505699235,0.5303744747607598,0.46962552523924017,1,1
419,0.524078774575461,0.5037657908171926,0.4962342091828074,1,0
420,0.5661170142455239,0.49012536627848713,0.5098746337215129,0,1
421,0.5782483214421702,0.4568981738418021,0.5431018261581979,1,1
422,0.6007618555325226,0.43868118879812523,0.5613188112018748,1,1
423,0.5351688926050706,0.4648917158705561,0.5351082841294439,1,1
424,0.5904054158998301,0.4887866072865277,0.5112133927134723,1,0
425,0.5412597473135808,0.5204534405725766,0.4795465594274234,0,1
426,0.4698128311972794,0.5111310408744358,0.4888689591255642,1,1
427,0.5766288241983132,0.4272762404546028,0.5727237595453972,1,1
428,0.6441057238193244,0.42362029867587847,0.5763797013241215,0,1
429,0.5306184529798156,0.4909795629789355,0.5090204370210645,1,0
430,0.6553533692418307,0.4015901986694109,0.5984098013305891,1,1
431,0.3923369820546241,0.5852094106845034,0.41479058931549667,1,0
432,0.6078158676410351,0.4147643092832185,0.5852356907167815,1,1
433,0.5102581570925653,0.48552677472376327,0.5144732252762367,1,1
434,0.583896169200638,0.4671238149988143,0.5328761850011857,1,1
435,0.6123494426587873,0.4607497923831603,0.5392502076168397,1,0
436,0.6682255168545834,0.4044718539830453,0.5955281460169547,0,1
437,0.5248669429662493,0.45850793460894423,0.5414920653910558,1,1
438,0.3217036093722809,0.3822495364419418,0.3822495364419418,1,1
439,0.5679818083981987,0.49179938646695454,0.5082006135330455,1,0
440,0.5859790975394357,0.42646621501146265,0.5735337849885374,1,1
441,0.5672981920760162,0.4917206362780101,0.5082793637219899,1,1
442,0.513979788645454,0.5125087769973645,0.4874912230026355,1,1
443,0.5846003343292474,0.4296736174947583,0.5703263825052417,1,0
444,0.2919814391112294,0.3320230866705573,0.3320230866705573,1,0
445,0.6256603927581724,0.6000112373656841,0.6000112373656841,1,1
446,0.3626452185060258,0.598699813424922,0.40130018657507804,1,0
447,0.6199537856144599,0.44914671608334045,0.5508532839166596,1,1
448,0.6038251484048532,0.43193001022500244,0.5680699897749976,1,1
449,0.5587817376534691,0.47364281868328195,0.526357181316718,1,0
450,0.3458672956005544,0.591785608320521,0.40821439167947904,1,1
451,0.6510260295903293,0.4243450197091295,0.5756549802908705,1,1
452,0.5969779390694113,0.4295642511882388,0.5704357488117612,1,1
453,0.49686595887028046,0.48454861293020945,0.5154513870697905,1,1
454,0.4533739294749481,0.5579162905150012,0.4420837094849988,1,0
455,0.47716301834811004,0.5423898477308937,0.45761015226910623,1,1
456,0.5593782325604778,0.4823996537899098,0.5176003462100902,1,1
457,0.5540102268168163,0.47227965497095736,0.5277203450290426,1,0
458,0.605463882082348,0.4645203442965863,0.5354796557034137,1,1
459,0.5269835123137357,0.49145372022329825,0.5085462797767017,1,1
460,0.37718434725704786,0.3733998942910765,0.3733998942910765,1,1
461,0.5431785979819403,0.49832666140574744,0.5016733385942526,1,1
462,0.5401260621989462,0.5226839632979792,0.4773160367020208,1,1
463,0.5920239462503514,0.4205457814903334,0.5794542185096666,1,1
464,0.5416352160979991,0.4858438770984219,0.5141561229015781,1,1
465,0.460469261929484,0.5349133787328688,0.4650866212671312,1,1
466,0.45613254623850885,0.5637239804867349,0.43627601951326506,1,0
467,0.2908698389385137,0.3680505269589239,0.3680505269589239,1,1
468,0.4374480282841106,0.5663177566549782,0.43368224334502187,1,1
469,0.4922568712158532,0.4979105310423986,0.5020894689576014,1,1
470,0.4749189556562796,0.5567794981792474,0.44322050182075257,0,0
471,0.6037933864440993,0.4446724110121335,0.5553275889878665,0,0
472,0.5787790027515779,0.45692310684877535,0.5430768931512246,1,0
473,0.6521813139603908,0.6251341854931379,0.6251341854931379,1,1
474,0.5351057785458624,0.48670446800509604,0.513295531994904,1,0
475,0.5048384297223607,0.5388609753751821,0.4611390246248179,1,0
476,0.38712310854378384,0.5692126607715671,0.430787339228433,0,1
477,0.44021812234859203,0.5513814325669179,0.44861856743308215,1,1
478,0.5949904114004059,0.438057940127765,0.561942059872235,1,1
479,0.5564959312262744,0.4387781497911133,0.5612218502088867,1,1
480,0.5860249551307393,0.5031337975240151,0.49686620247598484,0,1
481,0.45833716517344264,0.5593324277562768,0.44066757224372316,1,1
482,0.4059889346091144,0.5603009076065839,0.43969909239341615,1,1
483,0.5914269811238805,0.452855518277572,0.547144481722428,1,1
484,0.6168275332263781,0.6012364790450813,0.6012364790450813,1,1
485,0.6132134280932626,0.42108845172472087,0.5789115482752791,1,0
486,0.6045629508650334,0.4260571029902921,0.5739428970097079,1,1
487,0.4606349588821019,0.5262761172528441,0.473723882747156,1,1
488,0.6074784846272882,0.45493477227948154,0.5450652277205185,1,1
489,0.6171665720143368,0.44317903712621554,0.5568209628737845,1,1
490,0.617021179330662,0.4330979122576347,0.5669020877423653,1,1
491,0.3974192458197838,0.5819577361855157,0.4180422638144843,1,0
492,0.6779971231722924,0.4144027311730939,0.5855972688269061,1,1
493,0.6427246354397539,0.6094129393079811,0.6094129393079811,1,1
494,0.5585668069941887,0.4823341283680862,0.5176658716319138,1,1
495,0.48589161935511943,0.5306946818262539,0.4693053181737461,0,0
496,0.305922440874027,0.33410434160278235,0.33410434160278235,1,0
497,0.5081963450756498,0.4789674805256591,0.5210325194743409,1,1
498,0.5296279456139464,0.49582039770671005,0.50417960229329,1,1
499,0.6604301911609498,0.6174245761248643,0.6174245761248643,1,1
500,0.42733029154978547,0.5846905833618026,0.4153094166381974,1,0
501,0.35149094768348244,0.38648969862687155,0.38648969862687155,1,1
502,0.6365165726852455,0.41210762803642775,0.5878923719635722,1,1
503,0.4842115223863225,0.4955484858813618,0.5044515141186382,1,0
504,0.4437524637176052,0.5617173523575181,0.43828264764248187,0,0
505,0.6115482787361747,0.41168042917011216,0.5883195708298878,1,0
506,0.5914019813395762,0.46431885172987697,0.535681148270123,1,1
507,0.5205750158093151,0.5223996715622701,0.47760032843772987,1,0
508,0.49647614137021095,0.5073040510879085,0.49269594891209145,1,1
509,0.333584434306726,0.38980142975517224,0.38980142975517224,1,1
510,0.5638944551309575,0.4739472863855958,0.5260527136144042,1,0
511,0.3881972823211487,0.39183815203852146,0.39183815203852146,1,1
512,0.5589979972794249,0.4767396347129149,0.5232603652870851,1,1
513,0.580383723118125,0.4508771341933412,0.5491228658066588,0,1
514,0.4863117830206869,0.5267947390188205,0.47320526098117954,1,1
515,0.6173733578645904,0.4265714514022446,0.5734285485977554,1,1
516,0.625716060995265,0.42661700131494096,0.573382998685059,1,1
517,0.3712676837497283,0.5972163580775169,0.40278364192248306,0,0
518,0.6240303930997331,0.441986032205838,0.558013967794162,1,1
519,0.6639106351784387,0.6349120404987383,0.6349120404987383,1,1
520,0.4700069120062034,0.5059504440253692,0.49404955597463085,1,1
521,0.5178867186723684,0.5337500607128052,0.46624993928719477,0,0
522,0.24523830968977847,0.32179256371674325,0.32179256371674325,1,0
523,0.5023147678078294,0.5031287920223503,0.4968712079776497,0,1
524,0.5262947634762137,0.4757762703860491,0.5242237296139509,1,1
525,0.41455196822516255,0.5641775894148175,0.4358224105851825,1,1
526,0.5770968268396548,0.44597593493569787,0.5540240650643021,1,1
527,0.6825290623086255,0.6116819439473539,0.6116819439473539,1,1
528,0.3622744725826277,0.596015489215667,0.4039845107843329,1,0
529,0.618161560957651,0.4211701563316642,0.5788298436683358,1,1
530,0.3828771442557089,0.3972889225032545,0.3972889225032545,1,1
531,0.550705859501098,0.4816783829951249,0.5183216170048751,1,0
532,0.5903374782282486,0.4283187419785577,0.5716812580214423,1,1
533,0.5209110658286801,0.47829565910391514,0.5217043408960849,1,1
534,0.4948879551844119,0.49631538671992803,0.503684613280072,1,1
535,0.5055267184755257,0.5490881772342042,0.45091182276579583,1,0
536,0.6111386895342319,0.4372470999178034,0.5627529000821966,1,1
537,0.5232143405981331,0.4845945552052441,0.5154054447947559,1,1
538,0.22290259875093693,0.2959682676856108,0.2959682676856108,1,0
539,0.5160630710468638,0.5576763393199398,0.4423236606800603,1,1
540,0.5886450304754784,0.5114832704541351,0.4885167295458649,0,0
541,0.487365323350688,0.49429338216971797,0.505706617830282,1,1
542,0.38693344129810897,0.5621044204208143,0.4378955795791857,1,0
543,0.526665416558331,0.5183569784492099,0.48164302155079003,1,0
544,0.6005294480927256,0.4045005099727731,0.5954994900272269,1,1
545,0.45605125748682307,0.5435172977390121,0.4564827022609878,1,0
546,0.4974995420494884,0.48766988725913185,0.5123301127408681,1,1
547,0.5004987752783574,0.5250951726236983,0.47490482737630163,1,1
548,0.5600986308414884,0.4771174332229553,0.5228825667770447,0,0
549,0.2979243183196577,0.34046545039852255,0.34046545039852255,1,1
550,0.6259256791588159,0.6018747397245132,0.6018747397245132,0,1
551,0.6530049960849981,0.6023486846172788,0.6023486846172788,1,1
552,0.28708541247301267,0.3135877021673319,0.3135877021673319,1,0
553,0.5658929437834652,0.48062219058542144,0.5193778094145786,1,1
554,0.5963012561368006,0.42719540093383246,0.5728045990661675,1,1
555,0.5798017838738302,0.5081711046347337,0.49182889536526625,0,0
556,0.515437108811366,0.5055226038292178,0.49447739617078224,1,0
557,0.516775596028657,0.5002324785383898,0.49976752146161024,1,0
558,0.44734241011179277,0.5469366992101248,0.4530633007898753,1,0
559,0.5411543038741429,0.4978864942402881,0.5021135057597119,1,0
560,0.46026523240117495,0.5247681852636792,0.47523181473632076,1,1
561,0.4565955858435559,0.5551024103314229,0.44489758966857706,0,0
562,0.6285514472205089,0.4702397176977773,0.5297602823022227,1,1
563,0.315165568956736,0.3612861432433656,0.3612861432433656,1,0
564,0.4525876045012514,0.5412577463931821,0.45874225360681786,1,1
565,0.49845731225756035,0.5400594708675721,0.4599405291324279,0,1
566,0.5756263311354906,0.47608275985888115,0.5239172401411188,1,0
567,0.5323288573234477,0.4963514646346231,0.5036485353653769,1,1
568,0.3019030939556275,0.35837921460050975,0.35837921460050975,1,1
569,0.2609142035214824,0.3105051482433935,0.3105051482433935,1,0
570,0.4399788011104872,0.5581148203283779,0.44188517967162205,0,0
571,0.4318731644071678,0.5545918294118045,0.4454081705881955,1,1
572,0.4874102264529833,0.5191993159652698,0.4808006840347302,1,1
573,0.5351638855975352,0.49083506352422124,0.5091649364757788,0,1
574,0.6004750720549982,0.41513540003680804,0.584864599963192,1,1
575,0.5756002672043701,0.4765226907683544,0.5234773092316456,0,1
576,0.5767900231449602,0.4915357158588525,0.5084642841411475,1,1
577,0.5282832460456786,0.48897426336409366,0.5110257366359063,1,1
578,0.3701390042935769,0.5735680376500033,0.4264319623499967,1,0
579,0.4949190590375314,0.49677994165496575,0.5032200583450342,1,1
580,0.5375278247522702,0.4865445601297278,0.5134554398702722,1,0
581,0.571561439012634,0.47374422665940563,0.5262557733405944,1,1
582,0.5989933199646261,0.4495725310974156,0.5504274689025844,1,1
583,0.3504382426540502,0.3575677356327704,0.3575677356327704,1,0
584,0.5844129917884356,0.43908353234530917,0.5609164676546908,1,1
585,0.518111594188031,0.540415456415714,0.45958454358428596,0,0
586,0.5854642512854796,0.4663364867234505,0.5336635132765495,1,1
587,0.5546328649201452,0.5084038380878674,0.4915961619121326,0,1
588,0.5210900201213768,0.4926384756619915,0.5073615243380085,1,0
589,0.572190957963476,0.45479614459698225,0.5452038554030177,1,0
590,0.5986313194114361,0.41538514833782825,0.5846148516621718,1,1
591,0.4761948581082081,0.512744477466853,0.48725552253314697,1,1
592,0.5199117052460027,0.48054329240345706,0.5194567075965429,1,1
593,0.4566127536868716,0.5559144711004255,0.44408552889957453,0,0
594,0.48097096494837255,0.5285713014560924,0.47142869854390757,1,0
595,0.6248086895954788,0.490137347118743,0.509862652881257,1,0
596,0.4543195232764572,0.5431417193403282,0.4568582806596718,0,0
597,0.48726715702430046,0.5127517899705061,0.4872482100294939,1,0
598,0.5469459052059065,0.4883047259751352,0.5116952740248648,1,0
599,0.49036889578679754,0.5510198832084111,0.4489801167915889,1,1
600,0.6225128847267167,0.47679425813722687,0.5232057418627731,1,1
601,0.5835655913072174,0.4758379429264076,0.5241620570735924,1,0
602,0.444456863403815,0.5567008397747645,0.4432991602252355,1,0
603,0.38226919929430947,0.5922401666610178,0.4077598333389822,1,0
604,0.5773331796140967,0.4790899606904766,0.5209100393095234,0,1
605,0.46684675410924503,0.5310166055769256,0.4689833944230743,0,1
606,0.49199699611996756,0.5138932747633645,0.48610672523663545,1,1
607,0.36820650001458854,0.5997988420996327,0.4002011579003673,1,0
608,0.5364821143920125,0.4894728365025458,0.5105271634974542,1,1
609,0.5699371422500056,0.44180518090464704,0.558194819095353,1,1
610,0.5683056484528399,0.47926981042058536,0.5207301895794146,0,0
611,0.6062064152939545,0.45946730199609154,0.5405326980039085,1,0
612,0.4653525764972624,0.549032711292788,0.45096728870721203,1,1
613,0.46017912240095843,0.5883683073411095,0.4116316926588906,0,1
614,0.5424637829326808,0.5026193124845435,0.49738068751545644,0,0
615,0.23612381686759537,0.28886289854307995,0.28886289854307995,1,1
616,0.19282698186158964,0.24918470404540025,0.24918470404540025,1,1
617,0.6125929298823342,0.43627898995786607,0.5637210100421339,1,1
618,0.4231080704531693,0.5906735390889767,0.4093264609110233,0,0
619,0.5880853530381992,0.44785440203166327,0.5521455979683367,1,1
620,0.5094474024076322,0.5034827627628649,0.4965172372371351,1,1
621,0.5441438745110331,0.48285526255420086,0.5171447374457991,1,0
622,0.3014380441868957,0.35580318759496193,0.35580318759496193,1,0
623,0.5341674863425053,0.5312551510395593,0.46874484896044066,0,1
624,0.496395587314543,0.4951456234103305,0.5048543765896695,1,0
625,0.58113079396868,0.44412365581721536,0.5558763441827846,1,1
626,0.6365807416847479,0.4346443150078706,0.5653556849921294,1,1
627,0.6093953610008661,0.4540664427547014,0.5459335572452986,1,0
628,0.3665103880980379,0.5586030809619154,0.4413969190380846,1,1
629,0.6340190061439176,0.4140159008303209,0.5859840991696791,1,1
630,0.46363573472217584,0.5400263754349921,0.45997362456500795,1,1
631,0.49741971307591437,0.517857545170547,0.48214245482945295,1,0
632,0.5559192792449534,0.4957317885627941,0.5042682114372059,0,1
633,0.6083066442505284,0.4735297936036297,0.5264702063963703,0,0
634,0.47393970217519477,0.5310496269096416,0.4689503730903584,1,0
635,0.5900508980716795,0.4064811785393351,0.5935188214606649,1,1
636,0.5094725235535233,0.5137960749702561,0.48620392502974386,1,1
637,0.17772891197323176,0.27716902221383916,0.27716902221383916,0,1
638,0.5827650741562308,0.4374821640170845,0.5625178359829155,1,1
639,0.32104853644799614,0.3620332243820075,0.3620332243820075,1,0
640,0.5090379568696922,0.53375335784807,0.46624664215193,1,0
641,0.5467741232771828,0.4550876309327542,0.5449123690672458,1,1
642,0.5524732989999264,0.47788525638218826,0.5221147436178117,1,0
643,0.5215927220636987,0.48074556385926936,0.5192544361407306,1,1
644,0.5303959044813468,0.49633399817326385,0.5036660018267362,1,1
645,0.3559328516906831,0.5736213754505559,0.42637862454944403,1,0
646,0.41022139323418155,0.5906390571589955,0.40936094284100455,1,1
647,0.604525329996619,0.4604562987697898,0.5395437012302102,1,0
648,0.4596212700603734,0.5417842045749119,0.4582157954250881,1,0
649,0.5523406656518172,0.4661027306052763,0.5338972693947237,1,0
650,0.23886764246236142,0.28552922373116785,0.28552922373116785,1,1
651,0.554052722289362,0.479612305164536,0.520387694835464,1,0
652,0.45075282837676633,0.5646392376765665,0.43536076232343346,1,0
653,0.35663789852420785,0.5803055343895553,0.4196944656104446,1,0
654,0.5160450870108584,0.46997033725069837,0.5300296627493016,1,1
655,0.5316030788125936,0.5218698966031029,0.4781301033968971,0,1
656,0.5560204788067163,0.45747605284336834,0.5425239471566317,1,0
657,0.2661922634570484,0.3522327298879022,0.3522327298879022,1,1
658,0.4120331535417188,0.39781962366966866,0.39781962366966866,1,1
659,0.5035710884146892,0.5333238852389209,0.46667611476107906,1,1
660,0.5852278455953248,0.4564847804578963,0.5435152195421037,0,1
661,0.5716091475624983,0.4782395795222658,0.5217604204777342,0,0
662,0.515612117904758,0.4837891418918213,0.5162108581081787,1,1
663,0.6122705191163333,0.45259031881670475,0.5474096811832952,1,1
664,0.640730700120854,0.41988964064460954,0.5801103593553905,1,1
665,0.4484307662748665,0.5394639932233748,0.4605360067766252,1,1
666,0.41340546359909597,0.5724407201846609,0.42755927981533914,1,1
667,0.3130517868771197,0.3167313210202605,0.3167313210202605,1,1
668,0.5408076865160375,0.47294638928539645,0.5270536107146035,1,0
669,0.4340095533094231,0.5285525111308869,0.4714474888691131,1,1
670,0.503370874173086,0.4889926234766123,0.5110073765233877,1,1
671,0.4012131634305988,0.5784666860327994,0.42153331396720056,1,1
672,0.19471245799613313,0.2820475119957952,0.2820475119957952,1,1
673,0.6683200666879265,0.4238617621318046,0.5761382378681954,0,1
674,0.5057144667738172,0.5036754022391772,0.4963245977608229,1,0
675,0.43251510169058816,0.5345990422270586,0.4654009577729415,1,1
676,0.47941145454442496,0.4871419224014487,0.5128580775985513,1,1
677,0.16198728104166774,0.21872687406335137,0.21872687406335137,0,0
678,0.4470838846172683,0.5409861841425427,0.4590138158574573,1,1
679,0.5482222501425293,0.4981648744146304,0.5018351255853696,1,1
680,0.6441437309402958,0.44681465599444214,0.5531853440055579,1,1
681,0.5977130761546198,0.41910627475606754,0.5808937252439325,1,1
682,0.5677342167408824,0.44372422445969273,0.5562757755403073,1,1
683,0.48073642631756486,0.5014058331840119,0.49859416681598817,1,1
684,0.3505458857268914,0.3890364527925358,0.3890364527925358,1,1
685,0.20952226415725828,0.3070525542858067,0.3070525542858067,1,1
686,0.6287508949897838,0.4079948071500469,0.5920051928499531,1,1
687,0.3639757388578543,0.39281859497200244,0.39281859497200244,1,1
688,0.6310744512122352,0.4021850023109095,0.5978149976890905,1,1
689,0.5672602915737565,0.48117806503357274,0.5188219349664273,1,1
690,0.5683587476671773,0.4709409764877369,0.5290590235122631,1,1
691,0.5442670830597685,0.49869009142825016,0.5013099085717498,1,1
692,0.48429042477918716,0.5551132665234602,0.4448867334765399,1,1
693,0.6178710878748968,0.43191787605961196,0.568082123940388,1,1
694,0.5022922687696127,0.5002296164699902,0.4997703835300098,1,1
695,0.6591088055554376,0.40000052237941985,0.5999994776205801,1,1
696,0.5868982412016839,0.4400246452637351,0.5599753547362649,1,1
697,0.61590118788011,0.4658847859483557,0.5341152140516443,1,1
698,0.5561714021275062,0.46409252279569335,0.5359074772043066,0,1
699,0.542375906460853,0.47208642689767266,0.5279135731023273,1,1
700,0.5871611781125807,0.4394692898857232,0.5605307101142768,1,0
701,0.265879056833282,0.34784001462037606,0.34784001462037606,1,0
702,0.4865520893730498,0.5347211409003774,0.46527885909962263,1,1
703,0.42198322147301653,0.566733097951829,0.433266902048171,1,1
704,0.43144629942338597,0.5731649791441475,0.42683502085585245,1,1
705,0.5500160133287049,0.48727500444692684,0.5127249955530732,1,1
706,0.26817750334994783,0.3108149377656305,0.3108149377656305,0,0
707,0.5319209315014723,0.4900506632831916,0.5099493367168084,1,0
708,0.5987222159532457,0.4253090037626539,0.5746909962373461,1,1
709,0.6048638215451788,0.45253816614608555,0.5474618338539144,1,1
710,0.576039379147277,0.43835366500521766,0.5616463349947823,1,1
711,0.5916885732610128,0.4508252405798433,0.5491747594201567,1,0
712,0.5414338644316976,0.44940162261890026,0.5505983773810997,1,1
713,0.6031007228459396,0.41156868412142,0.58843131587858,1,1
714,0.14820673724248007,0.23439375716310534,0.23439375716310534,1,0
715,0.45458359736947146,0.5190615071113891,0.48093849288861085,1,1
716,0.4836126538783177,0.5015602582748974,0.49843974172510264,1,1
717,0.5388749853755975,0.4891291536134815,0.5108708463865185,1,1
718,0.5106644827027332,0.4970727403196272,0.5029272596803728,1,1
719,0.4844818453669329,0.5029895937441797,0.4970104062558202,1,1
720,0.600817435337006,0.4408563151036372,0.5591436848963628,1,0
721,0.6012605222654122,0.4758255027669682,0.5241744972330318,0,0
722,0.5499607686158147,0.5000428211328543,0.4999571788671458,0,0
723,0.6072612708243011,0.4328201775859274,0.5671798224140726,1,1
724,0.4554107802476329,0.5561516292026741,0.44384837079732586,0,0
725,0.6648838588002826,0.4130034866734533,0.5869965133265467,1,1
726,0.6086711842505136,0.43990672716333645,0.5600932728366635,1,1
727,0.4924058885918452,0.5092791757061279,0.49072082429387204,1,0
728,0.24518815461513985,0.3048459128334381,0.3048459128334381,1,0
729,0.5358521919207941,0.473811894700369,0.526188105299631,1,1
730,0.45445900782543164,0.5688994461697134,0.4311005538302865,1,1
731,0.4783618226587257,0.5389773743554793,0.4610226256445207,0,0
732,0.6094797835809864,0.4466212736371443,0.5533787263628557,1,1
733,0.5155599890369189,0.5030177350122694,0.49698226498773057,1,1
734,0.6608215201508071,0.4254458681489903,0.5745541318510097,1,1
735,0.35577652239501556,0.3608896290731331,0.3608896290731331,1,1
736,0.3980061093700419,0.5907362818370019,0.4092637181629981,0,0
737,0.4995073692760406,0.4962782172127561,0.5037217827872439,1,1
738,0.6220980864166743,0.418243749236917,0.581756250763083,1,1
739,0.3947118473810516,0.5708011294387962,0.4291988705612037,1,0
740,0.4714695998071007,0.5547752307928979,0.44522476920710213,1,1
741,0.5864154136990604,0.44960719152515327,0.5503928084748467,0,1
742,0.5305776919928565,0.4649554280656144,0.5350445719343856,1,1
743,0.4702599443231513,0.529362422999083,0.47063757700091696,0,1
744,0.2748763636679815,0.37701405778360003,0.37701405778360003,1,1
745,0.548583244609793,0.5057224239661036,0.4942775760338964,1,1
746,0.5364003565093916,0.5253435761947642,0.4746564238052357,0,1
747,0.5518930416823773,0.5125033655121014,0.48749663448789865,1,0
748,0.5306162095296882,0.49432609222868806,0.5056739077713119,1,1
749,0.5769773895673956,0.4698080114325214,0.5301919885674786,1,1
750,0.6235520420116638,0.4760377161065814,0.5239622838934186,1,1
751,0.5280796114531499,0.550983608023133,0.449016391976867,0,0
752,0.5962771782221935,0.47081640124902646,0.5291835987509735,0,1
753,0.4225758410160485,0.5435015144242104,0.45649848557578965,1,1
754,0.5943472333747456,0.4154550875413964,0.5845449124586036,1,0
755,0.4635979068394294,0.5349195037686183,0.4650804962313817,1,0
756,0.6525739789269069,0.4292718705674804,0.5707281294325196,1,1
757,0.5907700073119786,0.43243008654894555,0.5675699134510545,1,0
758,0.5193467896535855,0.5160562674695679,0.48394373253043205,1,1
759,0.5718651533388655,0.44856842004774855,0.5514315799522514,1,0
760,0.5861261250880542,0.44763761941011426,0.5523623805898857,1,1
761,0.5095551094571176,0.4983153408617087,0.5016846591382913,0,0
762,0.5526554055583799,0.4787875498688837,0.5212124501311163,0,1
763,0.4258128932300797,0.5193353998386163,0.4806646001613836,1,0
764,0.5106358562686328,0.47535273759872665,0.5246472624012734,1,1
765,0.5815790675247352,0.4569378804531383,0.5430621195468617,1,1
766,0.4128403159225236,0.5776501142284571,0.4223498857715429,1,0
767,0.6253148347267032,0.43445743583770213,0.5655425641622979,1,1
768,0.5905595865213751,0.4445248918096002,0.5554751081903998,1,1
769,0.6343593613585117,0.6041288453090562,0.6041288453090562,1,1
770,0.4856305411474616,0.5305241894610513,0.46947581053894877,1,1
771,0.3278405413743661,0.36477364372578663,0.36477364372578663,1,0
772,0.5553891666199917,0.47088733902156366,0.5291126609784363,1,1
773,0.5073755739771661,0.4700713741593603,0.5299286258406397,1,1
774,0.5886040510124969,0.45209368956791707,0.5479063104320829,1,1
775,0.46500509142265556,0.5295568219964211,0.47044317800357893,1,0
776,0.40112404652334027,0.5379389977251103,0.4620610022748897,1,1
777,0.4982424979837411,0.5309893359305025,0.46901066406949754,1,1
778,0.3961405002902743,0.5593325354562888,0.4406674645437112,1,1
779,0.5180779883679464,0.5034510132848049,0.4965489867151951,1,1
780,0.3696521236446727,0.3927708144221445,0.3927708144221445,1,0
781,0.5205228531626452,0.4629485026794471,0.5370514973205529,1,1
782,0.5918932449465799,0.47433243218250065,0.5256675678174993,1,1
783,0.5526784156867061,0.5070296581345013,0.49297034186549876,0,0
784,0.513475316070975,0.5022789038198751,0.49772109618012494,1,1
785,0.5272435320672929,0.49696484612808933,0.5030351538719107,1,1
786,0.5285026856011317,0.46886830995749096,0.531131690042509,1,1
787,0.3425598773338511,0.5823836483393061,0.41761635166069383,1,1
788,0.25353658054769146,0.326646549184806,0.326646549184806,1,0
789,0.3066643684282475,0.3595250339748389,0.3595250339748389,1,0
790,0.5151671707519077,0.5030115444111067,0.4969884555888933,1,0
791,0.4857893738836541,0.4861985704787186,0.5138014295212814,1,1
792,0.6832747511549329,0.6055472652766001,0.6055472652766001,1,1
793,0.46537331675187477,0.5321248220590467,0.4678751779409533,1,1
794,0.48653306994007384,0.5101242171604174,0.4898757828395826,1,1
795,0.6140123333313291,0.4496349194705742,0.5503650805294258,0,1
796,0.5037857877220253,0.5082132713466714,0.49178672865332856,1,0
797,0.6032121636370855,0.4502707203258922,0.5497292796741078,0,1
798,0.5270122932343998,0.45759763602419445,0.5424023639758055,1,1
799,0.5916619450028384,0.45308797596318384,0.5469120240368162,1,1
800,0.49648166848624975,0.47938510907217025,0.5206148909278298,1,1
801,0.5364589358349614,0.4855280674526852,0.5144719325473148,1,1
802,0.5092406625028579,0.5188039925852216,0.4811960074147784,0,1
803,0.6283172290601331,0.6192688752642038,0.6192688752642038,1,1
804,0.5334724380416378,0.535066890230777,0.464933109769223,0,1
805,0.32449616305363815,0.335901574569795,0.335901574569795,0,0
806,0.631346557837394,0.42798466467355234,0.5720153353264477,1,1
807,0.63569078614792,0.6416147086266787,0.6416147086266787,1,1
808,0.28486056659480774,0.3015107006297214,0.3015107006297214,1,1
809,0.5350343143530185,0.5344596752261501,0.46554032477384993,1,0
810,0.6152088118489488,0.4463294726659711,0.5536705273340289,1,1
811,0.6327659211976053,0.4301565610812932,0.5698434389187068,1,1
812,0.3293466102609927,0.597536939180305,0.40246306081969496,0,0
813,0.2852516847996894,0.3434979897665503,0.3434979897665503,1,0
814,0.2600334751401103,0.33200967066866455,0.33200967066866455,1,0
815,0.325656914125266,0.34042128429710683,0.34042128429710683,1,1
816,0.6745359564529504,0.6102825086865068,0.6102825086865068,1,1
817,0.6753936680698798,0.42099091255476073,0.5790090874452393,0,1
818,0.2630204871024117,0.3220171591288604,0.3220171591288604,1,1
819,0.5104125989452134,0.501683493176987,0.498316506823013,1,0
820,0.6048025494603496,0.43479030343732117,0.5652096965626788,1,1
821,0.569463562337735,0.4921454442103186,0.5078545557896814,0,1
822,0.36871335737532246,0.37406972200301314,0.37406972200301314,1,0
823,0.6059246263758732,0.41291438711559947,0.5870856128844005,1,1
824,0.539774673269517,0.47864127777342025,0.5213587222265798,1,1
825,0.5021384425795596,0.4939334938568334,0.5060665061431666,1,1
826,0.5171928989129366,0.5073120863057772,0.49268791369422277,1,0
827,0.5269837303603884,0.4983527475499294,0.5016472524500706,1,0
828,0.3319685260890035,0.38409302488136315,0.38409302488136315,1,0
829,0.2666533481506886,0.346459342261926,0.346459342261926,1,1
830,0.5062156270463194,0.48706889689277033,0.5129311031072297,1,1
831,0.4983523805820163,0.5345273509387669,0.46547264906123303,0,0
832,0.24076995467731013,0.3137272453454759,0.3137272453454759,1,0
833,0.48421691490835034,0.516105074249235,0.4838949257507649,1,1
834,0.5566890753930053,0.4872980976522948,0.5127019023477052,1,0
835,0.5472929762601046,0.465701873245694,0.534298126754306,1,0
836,0.6092009940310983,0.44227853684625273,0.5577214631537473,0,1
837,0.667015484428558,0.42823533144997983,0.5717646685500202,0,1
838,0.47680597930293894,0.4958121912064023,0.5041878087935977,1,1
839,0.5063700150920801,0.4776552497604255,0.5223447502395745,1,1
840,0.3389933998709103,0.3765786972042762,0.3765786972042762,1,0
841,0.5155054307998415,0.5013432841041029,0.4986567158958971,1,1
842,0.5338848460522971,0.4762649177465127,0.5237350822534873,0,0
843,0.49642923446187603,0.49492399301425527,0.5050760069857447,1,1
844,0.5248409904651575,0.4461395330839566,0.5538604669160434,1,1
845,0.5172835074578638,0.5045259836351934,0.4954740163648066,1,1
846,0.5121551374781033,0.4840593096260074,0.5159406903739926,1,0
847,0.48690628751773124,0.5172851240322475,0.48271487596775253,1,1
848,0.6049727937837666,0.4285094946434671,0.5714905053565329,1,1
849,0.5686814043926278,0.45232414631432305,0.547675853685677,1,0
850,0.4755213431087405,0.5461107227562381,0.45388927724376193,1,0
851,0.5248238612162341,0.4571069043194159,0.5428930956805841,1,1
852,0.5801558854983982,0.42472193557304794,0.5752780644269521,1,1
853,0.49688225416019377,0.49820036742377616,0.5017996325762238,1,0
854,0.3388394889149652,0.39169667225740684,0.39169667225740684,1,1
855,0.5029538029011147,0.49374288164170976,0.5062571183582902,1,1
856,0.6292893808668378,0.4092206124153046,0.5907793875846954,1,1
857,0.5510136757465398,0.474157246342068,0.525842753657932,1,1
858,0.5123772330014357,0.5208483780253819,0.4791516219746182,1,0
859,0.6167311038868434,0.4603160735032671,0.5396839264967329,1,1
860,0.4824485773222711,0.49541515216730436,0.5045848478326956,1,1
861,0.5424696808527398,0.4775799354246185,0.5224200645753815,1,0
862,0.4625834163836358,0.521919611711227,0.4780803882887729,1,0
863,0.4600212333432558,0.5175496730260545,0.4824503269739455,1,1
864,0.5959394146932504,0.47296406254077905,0.527035937459221,1,0
865,0.5772962969654292,0.47271973034402204,0.527280269655978,0,1
866,0.48854759351446364,0.5468615025241899,0.4531384974758101,1,1
867,0.5949022282583681,0.4382914255632888,0.5617085744367112,1,1
868,0.3714839589262257,0.584231381493679,0.4157686185063209,1,1
869,0.5558330709638066,0.482092714001388,0.517907285998612,0,1
870,0.3853154107217215,0.5694701883450486,0.4305298116549514,1,1
871,0.6585249639926934,0.6036833931653716,0.6036833931653716,1,1
872,0.49937723496650693,0.5165192291902292,0.48348077080977075,1,1
873,0.5793532792366286,0.47779775539419855,0.5222022446058014,0,1
874,0.5478414883759678,0.5026966219617407,0.4973033780382593,1,1
875,0.5884987566544811,0.4269498557858846,0.5730501442141154,1,1
876,0.5009666040834814,0.5296798126430778,0.47032018735692216,1,1
877,0.38745258176431435,0.5777798825539808,0.4222201174460191,1,1
878,0.5726677464952515,0.49310659298478765,0.5068934070152123,1,0
879,0.45228846672472156,0.5223282477654275,0.4776717522345725,1,1
880,0.45660692844870465,0.5237819640703638,0.47621803592963624,1,1
881,0.455512435342011,0.5251534587411596,0.4748465412588404,1,1
882,0.4471837126017211,0.5124573456725279,0.4875426543274722,1,1
883,0.5573683074325974,0.4423621208971886,0.5576378791028114,1,1
884,0.4671748670585847,0.53120303926808,0.46879696073192006,1,0
885,0.5526693633813415,0.46995947614756817,0.5300405238524318,1,0
886,0.4944615987131489,0.4873552236777715,0.5126447763222285,1,1
887,0.21095258509393408,0.2734744278419372,0.2734744278419372,0,0
888,0.3682086293120507,0.5578002228550047,0.4421997771449953,1,1
889,0.42317303655855676,0.5370751620009458,0.46292483799905415,1,1
890,0.4500076686486152,0.5027768247545765,0.4972231752454235,1,1
891,0.5901762180388077,0.4071872696308667,0.5928127303691333,1,1
892,0.5459379785361664,0.46510209918069145,0.5348979008193085,1,1
893,0.374076736264972,0.5701840044397948,0.4298159955602053,1,1
894,0.5831898264547805,0.4225363604925726,0.5774636395074274,1,1
895,0.36483396042413746,0.5956241493297836,0.40437585067021636,1,1
896,0.4687273589208252,0.5305134922581283,0.4694865077418718,1,1
897,0.6155469321733675,0.44246802328377455,0.5575319767162255,1,1
898,0.5869523036634973,0.46952810744879436,0.5304718925512056,1,1
899,0.5013167597658776,0.5267459931952789,0.47325400680472113,1,0
900,0.5330299026701198,0.5061831053290086,0.49381689467099144,1,0
901,0.5553458066026014,0.44928749903535414,0.5507125009646459,1,1
902,0.36170024260300565,0.5782344401668867,0.42176555983311326,1,1
903,0.586411715599022,0.44714199077804917,0.5528580092219508,1,1
904,0.5101160571583986,0.5081520488675976,0.49184795113240243,1,1
905,0.5852176169947806,0.489419292577594,0.510580707422406,0,1
906,0.5003091471213124,0.5506071267872312,0.4493928732127687,0,1
907,0.38908338696804806,0.3937444825251235,0.3937444825251235,1,1
908,0.5689304500644334,0.4877859471252709,0.5122140528747291,1,1
909,0.6046332878270562,0.47294356351100564,0.5270564364889944,1,1
910,0.38280329354867215,0.5543459186296353,0.44565408137036466,1,1
911,0.45044432336570017,0.5539912191177783,0.44600878088222173,1,0
912,0.45045488670852835,0.5443598121370454,0.4556401878629546,1,1
913,0.6394361692278714,0.4343068549449245,0.5656931450550755,1,1
914,0.44109737747358285,0.5660794734909999,0.43392052650900015,1,0
915,0.1883445163198285,0.24234155421979087,0.24234155421979087,1,0
916,0.6312957446382125,0.43840231440005073,0.5615976855999493,1,1
917,0.4905759837812847,0.5165399958995116,0.4834600041004884,1,0
918,0.48727845670287095,0.5691711859337876,0.4308288140662124,1,0
919,0.4405516402266468,0.565136720370463,0.43486327962953697,1,0
920,0.5397248421319811,0.47579523461337514,0.5242047653866249,1,1
921,0.24667199398219145,0.3208541900428639,0.3208541900428639,1,1
922,0.5807604012925904,0.47374886770795954,0.5262511322920405,0,0
923,0.5659308608148957,0.4585013410189791,0.5414986589810209,1,1
924,0.41752781820373797,0.3942334749486952,0.3942334749486952,1,0
925,0.5511206191667545,0.4877586815803727,0.5122413184196273,1,0
926,0.5089480629110057,0.5138467158510084,0.4861532841489916,0,1
927,0.22635140611332452,0.32687488711948354,0.32687488711948354,1,0
928,0.47597704837288213,0.49369804736491985,0.5063019526350802,1,1
929,0.5548030024633326,0.4682936626557229,0.5317063373442771,1,1
930,0.45102621073077226,0.5859236606821427,0.4140763393178573,0,1
931,0.5906303792461941,0.46664477005784655,0.5333552299421535,0,0
932,0.627792909864389,0.4271538200257914,0.5728461799742086,1,1
933,0.6334025452177968,0.6265811389660022,0.6265811389660022,1,1
934,0.5474072229157368,0.5159590383921948,0.48404096160780513,0,1
935,0.4226791024011079,0.5609972844585351,0.4390027155414649,1,0
936,0.6105869223821615,0.4511500532243071,0.5488499467756929,1,0
937,0.6026539398745021,0.44161346837476645,0.5583865316252336,1,1
938,0.18524322123449655,0.2697219707754871,0.2697219707754871,1,0
939,0.4990448424096617,0.47617102752606466,0.5238289724739353,1,1
940,0.594223695901062,0.44308598051767034,0.5569140194823297,1,1
941,0.6048985063278214,0.4424058618200821,0.5575941381799179,1,1
942,0.5191279705291009,0.49739477646857067,0.5026052235314293,1,1
943,0.6742392614120619,0.6099830151237607,0.6099830151237607,1,1
944,0.5090839644654813,0.5426789788867674,0.45732102111323264,1,1
945,0.26084046270846795,0.28866676045421863,0.28866676045421863,1,1
946,0.44677150095137996,0.5358700256073066,0.46412997439269343,1,0
947,0.584517823202617,0.4274244243609906,0.5725755756390094,1,1
948,0.5265915280923829,0.5030564463698377,0.49694355363016224,1,0
949,0.5133021174240788,0.4802610731117578,0.5197389268882422,1,0
950,0.5265673004400179,0.4711864468276452,0.5288135531723548,1,1
951,0.40015557101005433,0.3809625995891304,0.3809625995891304,0,0
952,0.45583097520759464,0.5425516782661914,0.4574483217338085,1,0
953,0.31496079531975246,0.37994231775654413,0.37994231775654413,1,0
954,0.5508154748906866,0.46960072291112565,0.5303992770888744,1,1
955,0.49087576263429705,0.5033760794669473,0.4966239205330527,1,1
956,0.4371190158820866,0.522010228805463,0.477989771194537,1,1
957,0.6344229320941442,0.6019131719517904,0.6019131719517904,1,1
958,0.40706423330165603,0.5899966061560362,0.41000339384396384,1,0
959,0.4569996875722595,0.5286749753940242,0.4713250246059758,1,1
960,0.6611121212311061,0.4047582768833482,0.5952417231166518,1,1
961,0.513480411967786,0.5073230657704322,0.4926769342295679,1,1
962,0.5569117684860971,0.47423525594030325,0.5257647440596968,1,1
963,0.5133285868570582,0.4995722184097098,0.5004277815902902,1,0
964,0.6204260366115816,0.4697771748479642,0.5302228251520358,0,1
965,0.43598827768337234,0.5706272253247803,0.4293727746752197,1,1
966,0.4637463517342747,0.536224694974929,0.4637753050250711,0,0
967,0.5338655766744045,0.4976552061167736,0.5023447938832264,1,1
968,0.34648306360078396,0.39680634827243005,0.39680634827243005,1,1
969,0.5751351787066139,0.47527509359853737,0.5247249064014626,1,1
970,0.5554000954289964,0.4897170871425218,0.5102829128574782,0,1
971,0.45518496389519114,0.5307105595170074,0.4692894404829926,1,1
972,0.4711977379113039,0.567449426295993,0.432550573704007,1,0
973,0.17589069359919615,0.25717809705874084,0.25717809705874084,1,0
974,0.45183706094093773,0.5367469378841425,0.46325306211585743,1,1
975,0.4992400849838825,0.5182244712639998,0.48177552873600016,1,1
976,0.6415369950865851,0.4312271083907363,0.5687728916092637,1,1
977,0.5288552678488436,0.4846687794905593,0.5153312205094407,1,1
978,0.48251076504153084,0.483342522053129,0.516657477946871,1,0
979,0.553051710598166,0.5117288284167902,0.48827117158320976,1,0
980,0.3894540456316976,0.595679697344852,0.40432030265514796,1,0
981,0.2833008073634472,0.3200700731041065,0.3200700731041065,1,0
982,0.5077716567936862,0.5620504216334977,0.4379495783665023,1,1
983,0.3300723705655423,0.3632879602253496,0.3632879602253496,1,0
984,0.5203157321859405,0.5032458076874187,0.4967541923125813,1,1
985,0.5314455424413622,0.48847073715468203,0.511529262845318,1,1
986,0.31062243875631074,0.33519002050319346,0.33519002050319346,1,1
987,0.6130519114238957,0.42862779160272957,0.5713722083972704,1,1
988,0.4108824324789844,0.5816153664926332,0.41838463350736677,1,1
989,0.48454968022941164,0.513590873282533,0.48640912671746706,1,1
990,0.6009734396958751,0.449742698465593,0.550257301534407,1,1
991,0.5682298400345319,0.4384100921485037,0.5615899078514963,1,1
992,0.5460453520184159,0.4899325719631782,0.5100674280368218,0,1
993,0.35108547053921224,0.3899627312075281,0.3899627312075281,1,1
994,0.5971206151132824,0.4235369137430871,0.5764630862569129,1,1
995,0.5964517830080502,0.43202311185198794,0.5679768881480121,1,1
996,0.4037071212437758,0.5592205859754242,0.4407794140245758,1,1
997,0.6025130033529553,0.41204401464932516,0.5879559853506748,1,1
998,0.31011101189811585,0.3551692525511079,0.3551692525511079,0,0
999,0.32026071133443723,0.3779455513563379,0.3779455513563379,1,1
