,before_pp,after_pp,protected_attributes
0,1.0,0.9394362500915104,1.0
1,0.0,0.3370177687592549,0.0
2,1.0,0.967919019494378,1.0
3,1.0,0.6928436132448761,1.0
4,0.0,0.2571149561225637,1.0
5,1.0,0.7930322815914127,1.0
6,1.0,0.9032971760295774,1.0
7,1.0,0.6617796319937392,1.0
8,1.0,0.9825502565167166,1.0
9,0.0,0.4500943445478845,1.0
10,0.0,0.3251514571274938,1.0
11,0.0,0.1233753579562166,0.0
12,1.0,0.7104364457632406,0.0
13,1.0,0.5423102177306336,1.0
14,0.0,0.3571205645329456,1.0
15,0.0,0.4918687664751005,1.0
16,1.0,0.9602436140163284,1.0
17,0.0,0.2599818202288476,1.0
18,0.0,0.42349997910518655,1.0
19,1.0,0.9153867321778516,1.0
20,1.0,0.8727316518390483,1.0
21,1.0,0.7940343583033208,1.0
22,1.0,0.7324046039701169,1.0
23,1.0,0.9278804718424633,1.0
24,1.0,0.9801760366734166,1.0
25,1.0,0.7779153858793484,1.0
26,1.0,0.8642139448268548,1.0
27,1.0,0.787780518057625,1.0
28,1.0,0.8719393624531948,1.0
29,0.0,0.20520146345291507,1.0
30,1.0,0.75994771724096,1.0
31,0.0,0.4208216926738164,1.0
32,1.0,0.5370806206710518,1.0
33,1.0,0.9503603756539064,1.0
34,1.0,0.5893817044889937,1.0
35,1.0,0.5224061005753246,1.0
36,1.0,0.6886828244691305,1.0
37,1.0,0.6226094758604243,1.0
38,1.0,0.8551308148932691,1.0
39,1.0,0.6985206175479751,0.0
40,1.0,0.7969426900382922,1.0
41,1.0,0.8322873809228971,1.0
42,1.0,0.7138656108703092,1.0
43,1.0,0.5906040268456376,0.0
44,0.0,0.3258074742232636,1.0
45,1.0,0.7969004642966574,1.0
46,1.0,0.8555095257278083,1.0
47,1.0,0.5906040268456376,0.0
48,1.0,0.8927285762337427,1.0
49,1.0,0.8442258178267573,1.0
50,1.0,0.6422444102665738,1.0
51,1.0,0.8277627220912196,1.0
52,1.0,0.8957675170666143,1.0
53,1.0,0.976390706485086,1.0
54,0.0,0.22454088321739876,1.0
55,1.0,0.944773028151684,1.0
56,1.0,0.8358757678904164,1.0
57,1.0,0.6563392756804125,1.0
58,0.0,0.5906040268456376,0.0
59,0.0,0.5906040268456376,0.0
60,1.0,0.7252388998795952,1.0
61,1.0,0.9698698651086156,1.0
62,0.0,0.3614578642835189,1.0
63,0.0,0.17414685169768934,1.0
64,1.0,0.7728751644946846,1.0
65,1.0,0.8365348782712225,1.0
66,1.0,0.7826283165357372,1.0
67,1.0,0.6265349368593064,0.0
68,1.0,0.5025025162978951,1.0
69,1.0,0.8526307894802656,1.0
70,1.0,0.7535949870319599,1.0
71,1.0,0.9745778726101384,1.0
72,1.0,0.7390825380786751,1.0
73,1.0,0.5872714300212961,1.0
74,1.0,0.5226263255350546,1.0
75,1.0,0.8345658538977618,1.0
76,0.0,0.3205527721374757,1.0
77,1.0,0.8531059554763858,1.0
78,1.0,0.8232251996945661,1.0
79,0.0,0.5906040268456376,0.0
80,1.0,0.9044006274768362,1.0
81,1.0,0.8875519753015806,1.0
82,1.0,0.7364848146714863,0.0
83,1.0,0.7185533971367709,1.0
84,1.0,0.7526247699387246,1.0
85,1.0,0.9540422051325584,1.0
86,1.0,0.6362259697692482,1.0
87,0.0,0.3535542747114369,1.0
88,1.0,0.6336931153891446,1.0
89,1.0,0.5522723866066274,1.0
90,1.0,0.9595846472100562,1.0
91,1.0,0.8974749275010111,1.0
92,1.0,0.9501571598751292,1.0
93,1.0,0.5906040268456376,0.0
94,1.0,0.7962819659395217,1.0
95,0.0,0.06109499857389685,1.0
96,1.0,0.9529992290880251,1.0
97,1.0,0.6324977841639203,1.0
98,1.0,0.7718889418885478,1.0
99,1.0,0.8708514448999839,1.0
100,1.0,0.7558638335452811,1.0
101,1.0,0.5906040268456376,0.0
102,1.0,0.5906040268456376,0.0
103,1.0,0.8870925600603563,1.0
104,1.0,0.9751935292970962,1.0
105,1.0,0.6545056848902538,1.0
106,1.0,0.5167604790523357,1.0
107,1.0,0.6492385748327109,1.0
108,1.0,0.7070076145029648,1.0
109,1.0,0.8952121494359206,1.0
110,1.0,0.7553633752987414,1.0
111,0.0,0.4261607241720688,0.0
112,1.0,0.5541603216640142,1.0
113,0.0,0.4879019591829826,1.0
114,1.0,0.7829248017167831,1.0
115,1.0,0.9441045236960184,1.0
116,1.0,0.6206999371101097,1.0
117,1.0,0.8462056308431433,1.0
118,1.0,0.6533672357342084,0.0
119,1.0,0.9038484902498776,1.0
120,1.0,0.5744664788994853,1.0
121,1.0,0.9050421275388736,1.0
122,1.0,0.8349098041338134,0.0
123,1.0,0.7896585249132505,1.0
124,1.0,0.6813094783306224,1.0
125,1.0,0.5358380530330165,1.0
126,1.0,0.6793276634259312,1.0
127,1.0,0.5957589840002421,1.0
128,1.0,0.9080071327183928,1.0
129,0.0,0.4772308182076912,1.0
130,0.0,0.5906040268456376,0.0
131,0.0,0.1552350791970296,1.0
132,1.0,0.8105548103288159,1.0
133,1.0,0.6881661656738951,1.0
134,1.0,0.7176166634421641,0.0
135,1.0,0.9723822104333528,1.0
136,1.0,0.9299961154592185,1.0
137,1.0,0.8286933229933303,1.0
138,1.0,0.9585757281355836,1.0
139,1.0,0.7840045349586049,1.0
140,1.0,0.9031598211344832,1.0
141,0.0,0.3095751967220733,1.0
142,1.0,0.5249832163702115,1.0
143,1.0,0.5906040268456376,0.0
144,1.0,0.8458778870362682,0.0
145,0.0,0.4169949677023303,1.0
146,1.0,0.7227991923063275,1.0
147,1.0,0.9250573647362113,1.0
148,1.0,0.695799753206133,1.0
149,1.0,0.9643894373027668,1.0
150,1.0,0.9206067490887052,1.0
151,1.0,0.9600267364405192,1.0
152,0.0,0.5906040268456376,0.0
153,1.0,0.8468775321754421,1.0
154,1.0,0.6441541926744921,1.0
155,0.0,0.5906040268456376,0.0
156,1.0,0.9190800966728292,1.0
157,0.0,0.36521241696963663,1.0
158,1.0,0.5999578761403523,1.0
159,1.0,0.9897927508188568,1.0
160,1.0,0.9661684179188832,1.0
161,1.0,0.7274879639415671,1.0
162,1.0,0.9401030714705,1.0
163,0.0,0.3969048575331429,1.0
164,1.0,0.7513378243132521,1.0
165,1.0,0.9613544409377726,1.0
166,0.0,0.45779377100090995,1.0
167,1.0,0.6665690308873432,0.0
168,1.0,0.8839788863388667,1.0
169,1.0,0.8041078413657328,1.0
170,0.0,0.21296010808879745,1.0
171,1.0,0.8680676512953522,1.0
172,1.0,0.6276593619042997,1.0
173,1.0,0.8703129041065879,1.0
174,0.0,0.3684651467227837,1.0
175,1.0,0.8097653598423604,1.0
176,1.0,0.6546080300728725,1.0
177,1.0,0.8703449735526022,1.0
178,1.0,0.9103723709566144,1.0
179,1.0,0.6177649826011896,1.0
180,1.0,0.654556731938792,1.0
181,0.0,0.4769211589016452,1.0
182,0.0,0.4155701048024023,1.0
183,1.0,0.9664233623028162,1.0
184,1.0,0.6354455747820332,1.0
185,1.0,0.9205010056021204,1.0
186,1.0,0.6180125735806512,1.0
187,1.0,0.7717266410075501,1.0
188,1.0,0.5906040268456376,0.0
189,0.0,0.4646797272715111,1.0
190,1.0,0.9120331838039392,1.0
191,0.0,0.37528874366101866,1.0
192,1.0,0.5260387183309536,1.0
193,1.0,0.9534751007499068,1.0
194,1.0,0.5906040268456376,0.0
195,1.0,0.7861694112700279,1.0
196,1.0,0.9613862962557894,1.0
197,0.0,0.32742979950504025,1.0
198,1.0,0.8103928582629801,1.0
199,1.0,0.6069993453659127,1.0
200,1.0,0.9352965937778096,1.0
201,0.0,0.4877146004674648,1.0
202,1.0,0.8548628518883924,1.0
203,1.0,0.589634795333687,0.0
204,1.0,0.8845566348809042,1.0
205,1.0,0.6552105615390013,1.0
206,1.0,0.948831940177556,1.0
207,1.0,0.8740826181088548,1.0
208,0.0,0.25806937988396844,0.0
209,1.0,0.9870679729625732,1.0
210,1.0,0.9868698175461142,1.0
211,1.0,0.9387509134686829,1.0
212,0.0,0.2691760822300273,1.0
213,1.0,0.7716640320453731,1.0
214,1.0,0.9527056638110962,1.0
215,1.0,0.9689148161257546,1.0
216,0.0,0.4509762293635415,1.0
217,1.0,0.7219515039321945,0.0
218,0.0,0.4834217091791999,0.0
219,1.0,0.8319994166690603,1.0
220,1.0,0.7411163517455283,1.0
221,0.0,0.3474710089790357,0.0
222,1.0,0.8248512110988792,1.0
223,1.0,0.92678591450061,1.0
224,1.0,0.9316246324115895,1.0
225,0.0,0.4982798738342469,1.0
226,1.0,0.5351668950103671,1.0
227,0.0,0.475074893652397,1.0
228,1.0,0.5906040268456376,0.0
229,0.0,0.17467867098858206,0.0
230,1.0,0.5828275259209867,1.0
231,1.0,0.8746360353757879,1.0
232,1.0,0.9294377024101071,1.0
233,1.0,0.8293200165339727,1.0
234,1.0,0.9815495744809544,1.0
235,0.0,0.3991624987451101,1.0
236,1.0,0.5906040268456376,0.0
237,0.0,0.3806445983102597,1.0
238,1.0,0.8959568019462191,1.0
239,1.0,0.8014835235891272,1.0
240,0.0,0.3472252938573068,1.0
241,1.0,0.9504571654645017,1.0
242,0.0,0.5906040268456376,0.0
243,1.0,0.9146815721944984,1.0
244,1.0,0.8138893904713866,1.0
245,1.0,0.9124720691615624,1.0
246,1.0,0.9471357563083542,1.0
247,0.0,0.4782410986325876,1.0
248,1.0,0.8220663645128821,1.0
249,1.0,0.7673405704480878,0.0
250,1.0,0.911300447108238,1.0
251,1.0,0.8205618684437406,1.0
252,0.0,0.5906040268456376,0.0
253,1.0,0.8710457825232778,1.0
254,1.0,0.5906040268456376,0.0
255,1.0,0.6839488285562356,1.0
256,1.0,0.9138674588307352,1.0
257,0.0,0.3733254316667981,1.0
258,1.0,0.5906040268456376,0.0
259,1.0,0.937672598236538,1.0
260,1.0,0.7351891129502042,1.0
261,0.0,0.4690972525512328,1.0
262,1.0,0.5594120995712573,1.0
263,1.0,0.7608563877230046,1.0
264,1.0,0.93829636288969,1.0
265,1.0,0.7119775249951363,1.0
266,1.0,0.920472670891402,1.0
267,1.0,0.6785250113201854,1.0
268,1.0,0.5558416854788051,1.0
269,1.0,0.9183628758401636,1.0
270,1.0,0.9260161006228628,1.0
271,1.0,0.9710003139639632,1.0
272,0.0,0.15226846262284344,1.0
273,1.0,0.6156153535624278,1.0
274,0.0,0.2740249060993593,1.0
275,1.0,0.9458582796721215,1.0
276,1.0,0.9149617920370944,1.0
277,1.0,0.9011327910956988,1.0
278,1.0,0.882589139063189,1.0
279,1.0,0.859447872060045,1.0
280,1.0,0.9665515852120066,0.0
281,1.0,0.8831414984071545,1.0
282,1.0,0.8559445286366304,1.0
283,1.0,0.972612365338062,1.0
284,1.0,0.6038817317117866,1.0
285,0.0,0.1707847358915326,1.0
286,1.0,0.6155500748430494,1.0
287,0.0,0.4999013004104214,1.0
288,1.0,0.816663177939996,1.0
289,0.0,0.4463186446855524,1.0
290,1.0,0.9420070324397865,1.0
291,1.0,0.6594518794737889,1.0
292,1.0,0.770101866792379,1.0
293,1.0,0.8082528507453502,1.0
294,1.0,0.7738952069569152,1.0
295,0.0,0.3387030132390406,1.0
296,1.0,0.9384476664036552,0.0
297,1.0,0.8946675065789466,1.0
298,1.0,0.9150556044935684,1.0
299,1.0,0.942076214991102,1.0
300,1.0,0.9142721018958571,1.0
301,0.0,0.28776983301228914,1.0
302,1.0,0.8873915167723304,1.0
303,1.0,0.7373244809760455,1.0
304,1.0,0.5393185444997207,1.0
305,1.0,0.9497625071156006,1.0
306,1.0,0.5906040268456376,0.0
307,1.0,0.6457083780429447,1.0
308,1.0,0.5906040268456376,0.0
309,0.0,0.5906040268456376,0.0
310,1.0,0.5246961255343391,1.0
311,1.0,0.6635639304435085,1.0
312,1.0,0.6712170287699494,1.0
313,1.0,0.6805349376000898,1.0
314,1.0,0.9308125694359938,1.0
315,0.0,0.2251573596827879,1.0
316,1.0,0.845293414659502,1.0
317,1.0,0.8495400882207734,1.0
318,1.0,0.8681353029649687,1.0
319,1.0,0.6395227863200401,1.0
320,0.0,0.473473103620682,1.0
321,0.0,0.4846615415302988,1.0
322,1.0,0.8354024327138425,1.0
323,1.0,0.686242133444519,1.0
324,1.0,0.8147228801734946,1.0
325,1.0,0.8895805187466066,1.0
326,1.0,0.9746694661354212,1.0
327,1.0,0.8866549144313682,1.0
328,1.0,0.5976362163626424,1.0
329,1.0,0.7656737231429286,1.0
330,1.0,0.816610886455999,1.0
331,1.0,0.8415984727554012,1.0
332,0.0,0.07133587455083662,0.0
333,1.0,0.6292784459271863,0.0
334,0.0,0.1260859549732869,0.0
335,1.0,0.8925371379652857,1.0
336,1.0,0.5906040268456376,0.0
337,0.0,0.45874101307721504,0.0
338,0.0,0.4653725027652968,1.0
339,1.0,0.6841804402407471,1.0
340,0.0,0.5906040268456376,0.0
341,1.0,0.6730821556016255,1.0
342,1.0,0.8017212696765388,1.0
343,1.0,0.6544663836299538,1.0
344,1.0,0.8228211714912731,1.0
345,1.0,0.9039630236015272,1.0
346,1.0,0.8675375566417177,0.0
347,1.0,0.5635751738504349,0.0
348,1.0,0.948423479817312,1.0
349,1.0,0.8068017811101418,1.0
350,1.0,0.5906040268456376,0.0
351,1.0,0.7908885749156093,1.0
352,1.0,0.989023782313187,1.0
353,0.0,0.2996596737486641,1.0
354,1.0,0.8667663948503875,1.0
355,0.0,0.2369328307716508,0.0
356,1.0,0.9906649350894112,1.0
357,1.0,0.7565093186866602,1.0
358,1.0,0.8982326591354874,1.0
359,0.0,0.4104054192703353,0.0
360,1.0,0.6478549157824263,1.0
361,1.0,0.9328027657549522,1.0
362,1.0,0.5098373513731588,1.0
363,1.0,0.8811893822104491,0.0
364,1.0,0.5239966888654218,1.0
365,1.0,0.9568073397011796,1.0
366,1.0,0.9726967893374284,1.0
367,0.0,0.39698510015138855,0.0
368,0.0,0.3986401112303398,1.0
369,1.0,0.7569214312023089,1.0
370,1.0,0.8156628978596343,1.0
371,1.0,0.9307699335745308,1.0
372,1.0,0.9031917854750462,0.0
373,1.0,0.6079902247432797,1.0
374,0.0,0.05979515248435568,1.0
375,0.0,0.3260817769852005,1.0
376,1.0,0.9147570341317691,1.0
377,1.0,0.959011551312294,1.0
378,0.0,0.1338193793932235,1.0
379,1.0,0.8776010679386931,1.0
380,1.0,0.8665517492685219,1.0
381,1.0,0.5356510746394093,1.0
382,1.0,0.8504713582779176,1.0
383,1.0,0.6116302821923715,1.0
384,1.0,0.8254925252545091,1.0
385,1.0,0.9112719960728168,1.0
386,1.0,0.5906040268456376,0.0
387,1.0,0.6136591334145348,1.0
388,1.0,0.8349727620143985,1.0
389,1.0,0.8871896594659864,1.0
390,1.0,0.8410415916931515,1.0
391,1.0,0.8023954724069023,0.0
392,0.0,0.3859880514454214,1.0
393,1.0,0.9158208008279404,1.0
394,1.0,0.9613116191561588,1.0
395,0.0,0.3583817099454124,1.0
396,0.0,0.498791651310903,1.0
397,1.0,0.6672968965452385,1.0
398,1.0,0.6216855924615947,1.0
399,1.0,0.9415969084747988,1.0
400,1.0,0.917067263771452,1.0
401,1.0,0.8363316763886545,1.0
402,1.0,0.6438928570322417,1.0
403,1.0,0.7379494999351502,1.0
404,1.0,0.6843693378317506,1.0
405,1.0,0.5906040268456376,0.0
406,1.0,0.9903854711986356,1.0
407,1.0,0.6434340291103796,1.0
408,1.0,0.9185050414095728,1.0
409,1.0,0.9219352262023192,1.0
410,1.0,0.5906040268456376,0.0
411,1.0,0.9604870859018813,1.0
412,1.0,0.8730890614938218,1.0
413,1.0,0.8083065107868502,1.0
414,0.0,0.4375017108506067,1.0
415,1.0,0.949918248799854,1.0
416,0.0,0.394310906139796,1.0
417,0.0,0.5906040268456376,0.0
418,1.0,0.8405680923895859,1.0
419,1.0,0.5744071104453314,1.0
420,1.0,0.8435962700592238,0.0
421,1.0,0.8995290090380188,1.0
422,1.0,0.8927813393822653,1.0
423,1.0,0.9331451575830104,1.0
424,1.0,0.8329502305843367,1.0
425,1.0,0.5906040268456376,0.0
426,1.0,0.8851025306907009,1.0
427,1.0,0.9684155152543664,1.0
428,1.0,0.9233764589641812,0.0
429,1.0,0.5999076004143212,1.0
430,1.0,0.9682911198349292,1.0
431,0.0,0.35509968747131176,1.0
432,1.0,0.7459407670961966,1.0
433,1.0,0.8962887528785979,1.0
434,1.0,0.6910008290153266,1.0
435,1.0,0.9247873296290748,1.0
436,1.0,0.5906040268456376,0.0
437,1.0,0.9187830925897512,1.0
438,0.0,0.4091871597859085,1.0
439,1.0,0.5700964708013269,1.0
440,1.0,0.8202077046734323,1.0
441,1.0,0.5729394305617485,1.0
442,1.0,0.6260560221885011,1.0
443,1.0,0.7429770107157533,1.0
444,1.0,0.6402563686632873,1.0
445,1.0,0.9136477783678386,1.0
446,0.0,0.21484958580195973,1.0
447,1.0,0.8960499517992927,1.0
448,1.0,0.9327178338886152,1.0
449,1.0,0.6553762020023212,1.0
450,1.0,0.9463515883507144,1.0
451,1.0,0.8974558672381001,1.0
452,1.0,0.8460976084394098,1.0
453,1.0,0.92914373444803,1.0
454,1.0,0.5423476696553928,1.0
455,1.0,0.8171900421546241,1.0
456,1.0,0.6058646343710099,1.0
457,1.0,0.7756051456752141,1.0
458,1.0,0.50269425476552,1.0
459,1.0,0.8518009058828795,1.0
460,1.0,0.7112810965920335,1.0
461,1.0,0.5264043401684216,1.0
462,1.0,0.5323458983223501,1.0
463,1.0,0.8346205133267138,1.0
464,1.0,0.8192643342794994,1.0
465,1.0,0.7466786477553295,1.0
466,0.0,0.3804540596637753,1.0
467,1.0,0.7432396260594568,1.0
468,1.0,0.7649365299902189,1.0
469,1.0,0.9535877399761588,1.0
470,1.0,0.5906040268456376,0.0
471,0.0,0.5906040268456376,0.0
472,0.0,0.4623521163382045,1.0
473,1.0,0.9635960972387247,1.0
474,1.0,0.7965455717511039,1.0
475,0.0,0.3668970240807568,1.0
476,1.0,0.5906040268456376,0.0
477,1.0,0.6677522817650705,1.0
478,1.0,0.8838902871133368,1.0
479,1.0,0.7897548723674442,1.0
480,1.0,0.5906040268456376,0.0
481,0.0,0.3598722364061083,1.0
482,0.0,0.4943897075494074,1.0
483,1.0,0.9494221474142388,1.0
484,1.0,0.9454817965990436,1.0
485,1.0,0.6470853877597371,1.0
486,1.0,0.92978706674305,1.0
487,1.0,0.5248088933041382,1.0
488,1.0,0.8480973436644038,1.0
489,1.0,0.8733739696346641,1.0
490,1.0,0.9418952845413968,1.0
491,0.0,0.27851134285682044,1.0
492,1.0,0.9616138114830104,1.0
493,1.0,0.8908115564133492,1.0
494,1.0,0.6345819774881137,1.0
495,1.0,0.5906040268456376,0.0
496,0.0,0.2302452969671633,1.0
497,1.0,0.9425974868601004,1.0
498,1.0,0.8355689091461307,1.0
499,1.0,0.9177219846167012,1.0
500,0.0,0.1823852756412167,1.0
501,1.0,0.6098731699543962,1.0
502,1.0,0.9248531426832122,1.0
503,1.0,0.6270172487449585,1.0
504,0.0,0.1386779019475727,0.0
505,1.0,0.9452067008098324,1.0
506,1.0,0.9739095455898262,1.0
507,1.0,0.5431395559221663,1.0
508,1.0,0.8284581605957495,1.0
509,1.0,0.8442348347705101,1.0
510,1.0,0.6213658061724949,1.0
511,1.0,0.887034422696693,1.0
512,1.0,0.876299042026666,1.0
513,1.0,0.5490465009176118,0.0
514,1.0,0.7908117853901541,1.0
515,1.0,0.7162650779617243,1.0
516,1.0,0.8129824752062039,1.0
517,1.0,0.5906040268456376,0.0
518,1.0,0.6324207137036457,1.0
519,1.0,0.971590793500628,1.0
520,1.0,0.8233818419950659,1.0
521,1.0,0.5906040268456376,0.0
522,0.0,0.14390982556533036,1.0
523,1.0,0.9213106983340348,0.0
524,1.0,0.7909063592163591,1.0
525,1.0,0.6585601940087673,1.0
526,1.0,0.851888669752308,1.0
527,1.0,0.983920833083158,1.0
528,0.0,0.3681627700253312,1.0
529,1.0,0.6418382265210587,1.0
530,1.0,0.5093005153162775,1.0
531,0.0,0.4889575912552375,1.0
532,1.0,0.9297327923695216,1.0
533,1.0,0.93796841598952,1.0
534,1.0,0.8787279141104984,1.0
535,1.0,0.7210413459153103,1.0
536,1.0,0.6497417654388422,1.0
537,1.0,0.7990849135554549,1.0
538,0.0,0.07409927408966928,1.0
539,1.0,0.627006536745905,1.0
540,1.0,0.6920266651169008,0.0
541,1.0,0.6767932354891059,1.0
542,1.0,0.6096325429726481,1.0
543,1.0,0.8366194587635672,1.0
544,1.0,0.9015480253089542,1.0
545,0.0,0.3627702988083653,1.0
546,1.0,0.8055468734155391,1.0
547,1.0,0.8699918948250939,1.0
548,0.0,0.29783150039011075,0.0
549,1.0,0.9660316402493038,1.0
550,1.0,0.5906040268456376,0.0
551,1.0,0.9056339684743432,1.0
552,1.0,0.7655899214483257,1.0
553,1.0,0.6529819734340546,1.0
554,1.0,0.664334033136646,1.0
555,1.0,0.5273548010089537,0.0
556,0.0,0.263822987386324,1.0
557,1.0,0.7088298566067199,1.0
558,0.0,0.4512481371200106,1.0
559,1.0,0.8491500537428426,1.0
560,1.0,0.7516582271910107,1.0
561,0.0,0.4598825256245391,0.0
562,1.0,0.7177367494197551,1.0
563,0.0,0.4806334865404918,1.0
564,1.0,0.6019553267626577,1.0
565,1.0,0.5906040268456376,0.0
566,1.0,0.6835544386033507,1.0
567,1.0,0.9722439465096432,1.0
568,1.0,0.7491256609052731,1.0
569,0.0,0.2705604639941871,1.0
570,0.0,0.5906040268456376,0.0
571,1.0,0.9184365843319584,1.0
572,1.0,0.9496347235819268,1.0
573,0.0,0.388869200286291,0.0
574,1.0,0.7302542439674147,1.0
575,1.0,0.8777500189034696,0.0
576,1.0,0.820501186822925,1.0
577,1.0,0.9175994417309136,1.0
578,0.0,0.43757443666764,1.0
579,1.0,0.7854620425134251,1.0
580,1.0,0.7706317943091768,1.0
581,1.0,0.7074859874614597,1.0
582,1.0,0.8043617738701021,1.0
583,0.0,0.237343749160094,1.0
584,1.0,0.8441659123782601,1.0
585,0.0,0.4063678637639275,0.0
586,1.0,0.643226297089784,1.0
587,1.0,0.5906040268456376,0.0
588,1.0,0.6356428186303488,1.0
589,1.0,0.7807831592810259,1.0
590,1.0,0.8421552367757206,1.0
591,0.0,0.4925212590687965,1.0
592,1.0,0.8508572497989835,1.0
593,0.0,0.2853385093249481,0.0
594,1.0,0.556921609560208,1.0
595,0.0,0.3845438046705097,1.0
596,0.0,0.2288162937263517,0.0
597,1.0,0.6126537091287921,1.0
598,1.0,0.8858551295103612,1.0
599,1.0,0.8276532392064008,1.0
600,1.0,0.8618600033467596,1.0
601,1.0,0.5895626575381371,1.0
602,0.0,0.2398880472941731,1.0
603,1.0,0.7060851671380297,1.0
604,1.0,0.5906040268456376,0.0
605,0.0,0.3616814811207434,0.0
606,1.0,0.9264639088407424,1.0
607,0.0,0.3665942400601059,1.0
608,1.0,0.8428842029132811,1.0
609,1.0,0.9412945723455164,1.0
610,0.0,0.4365545129646815,0.0
611,1.0,0.749479921211458,1.0
612,0.0,0.4206305704971667,1.0
613,1.0,0.5906040268456376,0.0
614,1.0,0.8439038825806238,0.0
615,0.0,0.2846529634109331,1.0
616,0.0,0.4722707646660698,1.0
617,1.0,0.6821949261817032,1.0
618,0.0,0.5906040268456376,0.0
619,1.0,0.8076615260856718,1.0
620,1.0,0.8656531485840814,1.0
621,1.0,0.7836710982021573,1.0
622,1.0,0.7344277486698484,1.0
623,0.0,0.5906040268456376,0.0
624,0.0,0.4537441991014955,1.0
625,1.0,0.9373112366248167,1.0
626,1.0,0.9025638064628958,1.0
627,1.0,0.6592615988133758,1.0
628,1.0,0.9148088797191516,1.0
629,1.0,0.959489944220416,1.0
630,1.0,0.5239560764900438,1.0
631,0.0,0.31292115055522995,1.0
632,1.0,0.7223296663745674,0.0
633,1.0,0.5906040268456376,0.0
634,0.0,0.4362848912188401,1.0
635,1.0,0.7119949277604414,1.0
636,1.0,0.8967969420906923,1.0
637,1.0,0.5906040268456376,0.0
638,1.0,0.8078635243323785,1.0
639,0.0,0.4643249230608376,1.0
640,0.0,0.3755797549046275,1.0
641,1.0,0.5938804032762545,1.0
642,1.0,0.8262254201821915,1.0
643,1.0,0.9748459947687704,1.0
644,1.0,0.8420940061588651,1.0
645,1.0,0.7307265890505193,1.0
646,1.0,0.5518504942890766,1.0
647,1.0,0.8339311442661288,1.0
648,1.0,0.5218251789830808,1.0
649,0.0,0.4151749172453314,1.0
650,0.0,0.21552500567919167,1.0
651,1.0,0.6666490000805649,1.0
652,0.0,0.3162925971802024,1.0
653,0.0,0.3735080300073654,1.0
654,1.0,0.9748781199498492,1.0
655,0.0,0.38436234256381385,0.0
656,0.0,0.4465321281802246,1.0
657,1.0,0.7866232240441358,1.0
658,0.0,0.2870691473893029,1.0
659,1.0,0.783685738066136,1.0
660,1.0,0.7630510945928222,0.0
661,1.0,0.5906040268456376,0.0
662,1.0,0.8411805553380327,1.0
663,1.0,0.6168802606973574,1.0
664,1.0,0.8615686409985582,1.0
665,1.0,0.7293502939115751,1.0
666,0.0,0.4881207577249666,1.0
667,0.0,0.4847129218506082,1.0
668,1.0,0.5153609507519833,1.0
669,1.0,0.8314994828961452,1.0
670,1.0,0.9237926090927876,1.0
671,1.0,0.8808357033944292,1.0
672,0.0,0.4827985834383635,1.0
673,1.0,0.9383337717160852,0.0
674,1.0,0.8011689012194622,1.0
675,1.0,0.9000573186679851,1.0
676,1.0,0.9114028870836708,1.0
677,0.0,0.5906040268456376,0.0
678,0.0,0.4147748267633632,1.0
679,1.0,0.8326943032396237,1.0
680,1.0,0.7842465749939109,1.0
681,1.0,0.9391236226332684,1.0
682,1.0,0.8168118401473903,1.0
683,1.0,0.8585773150279856,1.0
684,1.0,0.7161260622868468,1.0
685,1.0,0.5630415720789346,1.0
686,1.0,0.9752464184601718,1.0
687,0.0,0.32133056491172884,1.0
688,1.0,0.9275527063811888,1.0
689,1.0,0.7252508959947049,1.0
690,1.0,0.8139432359150512,1.0
691,1.0,0.6196202353280028,1.0
692,1.0,0.6856991030907544,1.0
693,1.0,0.870080243044362,1.0
694,1.0,0.912034520007756,1.0
695,1.0,0.9685508022925344,1.0
696,1.0,0.9154228838192199,1.0
697,1.0,0.9145730444242041,1.0
698,1.0,0.5906040268456376,0.0
699,1.0,0.6443711715113051,1.0
700,1.0,0.8488408274947631,1.0
701,1.0,0.5906666453739211,1.0
702,1.0,0.686002594044182,1.0
703,0.0,0.3884017970502746,1.0
704,0.0,0.41356185442112064,1.0
705,1.0,0.7888926422769088,1.0
706,0.0,0.30998791244313384,0.0
707,0.0,0.2758596661429059,1.0
708,1.0,0.7122861684255429,1.0
709,1.0,0.8302960499243633,1.0
710,1.0,0.9418232900153688,1.0
711,0.0,0.2550633487782823,1.0
712,1.0,0.9775153937127988,1.0
713,1.0,0.8237086460403025,1.0
714,0.0,0.12793347165119515,1.0
715,1.0,0.9802905820849728,1.0
716,1.0,0.9656630781371248,1.0
717,1.0,0.8468608884008543,1.0
718,1.0,0.9390443882403741,1.0
719,1.0,0.6033749303406051,1.0
720,1.0,0.6829364636539749,1.0
721,0.0,0.5906040268456376,0.0
722,0.0,0.5906040268456376,0.0
723,1.0,0.7809864464790254,1.0
724,1.0,0.5906040268456376,0.0
725,1.0,0.933007425196288,1.0
726,1.0,0.9686221952559436,1.0
727,0.0,0.2623127141240941,1.0
728,0.0,0.09351763294636173,1.0
729,1.0,0.9586791934781792,1.0
730,1.0,0.6424707823078251,1.0
731,1.0,0.5906040268456376,0.0
732,1.0,0.8914948879174874,1.0
733,1.0,0.9520024841321768,1.0
734,1.0,0.9551832089272572,1.0
735,0.0,0.2659449704067945,1.0
736,0.0,0.4521390894972141,0.0
737,1.0,0.5090586698383437,1.0
738,1.0,0.944844467744502,1.0
739,0.0,0.21706928051532184,1.0
740,0.0,0.3969381473706171,1.0
741,0.0,0.5906040268456376,0.0
742,1.0,0.9390530885701676,1.0
743,0.0,0.5906040268456376,0.0
744,1.0,0.7130583598686799,1.0
745,1.0,0.575211912433138,1.0
746,0.0,0.3150462621872774,0.0
747,0.0,0.3849713366285231,1.0
748,1.0,0.9733268503171248,1.0
749,1.0,0.968277477557312,1.0
750,1.0,0.6111451057609076,1.0
751,0.0,0.5906040268456376,0.0
752,1.0,0.5906040268456376,0.0
753,1.0,0.8651211237870983,1.0
754,1.0,0.8856167848696519,1.0
755,0.0,0.4775403548131534,1.0
756,1.0,0.9078929740120878,1.0
757,1.0,0.9522077740353618,1.0
758,1.0,0.9137688136995882,1.0
759,1.0,0.6056134885814495,1.0
760,1.0,0.9561692208049672,1.0
761,0.0,0.5906040268456376,0.0
762,1.0,0.5191917410523689,0.0
763,1.0,0.8301685532941799,1.0
764,1.0,0.9180197966588198,1.0
765,1.0,0.8145426291746819,1.0
766,1.0,0.5530795672305809,1.0
767,1.0,0.9721160515676668,1.0
768,1.0,0.8604811128460447,1.0
769,1.0,0.9764815384835313,1.0
770,1.0,0.8422230849159029,1.0
771,0.0,0.25451302125995234,1.0
772,1.0,0.9839144669956906,1.0
773,1.0,0.8856429761654403,1.0
774,1.0,0.7818947059659759,1.0
775,0.0,0.4427426120138246,1.0
776,1.0,0.8618723724389391,1.0
777,1.0,0.7489525420074509,1.0
778,1.0,0.9614148352222828,1.0
779,1.0,0.6057359510361993,1.0
780,1.0,0.9109371935673956,1.0
781,1.0,0.946998798084048,1.0
782,1.0,0.7433451606444407,1.0
783,0.0,0.2425670517825146,0.0
784,1.0,0.9518813855579076,1.0
785,1.0,0.7907617360147958,1.0
786,1.0,0.9145397995054116,1.0
787,1.0,0.9654705850983448,1.0
788,0.0,0.19503540277034614,1.0
789,0.0,0.23021114820622515,1.0
790,1.0,0.6544591864029038,1.0
791,1.0,0.9669632321525048,1.0
792,1.0,0.985896222778077,1.0
793,1.0,0.7063032122747948,1.0
794,1.0,0.8215341384212052,1.0
795,1.0,0.8052815959363168,0.0
796,1.0,0.9141376473226404,1.0
797,1.0,0.5906040268456376,0.0
798,1.0,0.8830266267557424,1.0
799,1.0,0.7342661937256764,1.0
800,1.0,0.8069381988113472,1.0
801,1.0,0.8327949415391741,1.0
802,1.0,0.5906040268456376,0.0
803,1.0,0.9742534229350628,1.0
804,1.0,0.5906040268456376,0.0
805,0.0,0.2896301555412563,0.0
806,1.0,0.8333242989680856,1.0
807,1.0,0.9733292253999968,1.0
808,0.0,0.4077332071912494,1.0
809,0.0,0.2687439278732446,1.0
810,1.0,0.7687366163660478,1.0
811,1.0,0.9156408740589664,1.0
812,1.0,0.6972496271436297,0.0
813,0.0,0.34638788983054897,1.0
814,0.0,0.2423643592679984,1.0
815,0.0,0.19053908029074348,1.0
816,1.0,0.9644441548494174,1.0
817,1.0,0.96061205152226,0.0
818,0.0,0.21990045577931475,1.0
819,1.0,0.5074251521975204,1.0
820,1.0,0.8421110281382429,1.0
821,1.0,0.7131011600120353,0.0
822,0.0,0.4194277181385031,1.0
823,1.0,0.7060348758485531,1.0
824,1.0,0.9190103073774241,1.0
825,1.0,0.5787028308407899,1.0
826,0.0,0.4695399748448314,1.0
827,1.0,0.6163342473903775,1.0
828,1.0,0.6813802102093782,1.0
829,1.0,0.5040524045573885,1.0
830,1.0,0.8561875286779745,1.0
831,0.0,0.5906040268456376,0.0
832,0.0,0.11275131429578375,1.0
833,1.0,0.8177565207499037,1.0
834,1.0,0.8024186501217598,1.0
835,0.0,0.18698045500316265,1.0
836,1.0,0.5906040268456376,0.0
837,1.0,0.8816769775418363,0.0
838,1.0,0.8369230424403967,1.0
839,1.0,0.9059657648783772,1.0
840,0.0,0.4867181226764081,1.0
841,1.0,0.8822273207909165,1.0
842,1.0,0.5906040268456376,0.0
843,1.0,0.7835582093976861,1.0
844,1.0,0.7626097127346124,1.0
845,1.0,0.922223654493342,1.0
846,1.0,0.8070237762918088,1.0
847,1.0,0.6984315226024442,1.0
848,1.0,0.8470752858526477,1.0
849,1.0,0.5988017496787219,1.0
850,0.0,0.4782438539648826,1.0
851,1.0,0.9908983277299364,1.0
852,1.0,0.9235824493633638,1.0
853,0.0,0.3418066157198032,1.0
854,1.0,0.567121832234209,1.0
855,1.0,0.7892442712867452,1.0
856,1.0,0.9630661925607792,1.0
857,1.0,0.9042671777975758,1.0
858,0.0,0.344718764339868,1.0
859,1.0,0.9347980268785228,1.0
860,1.0,0.9674129382212469,1.0
861,1.0,0.839855130703986,1.0
862,1.0,0.5047275988531793,1.0
863,1.0,0.9111204353562148,1.0
864,1.0,0.8528698442032663,1.0
865,1.0,0.5906040268456376,0.0
866,0.0,0.2642811180744159,1.0
867,1.0,0.9276887466128416,1.0
868,1.0,0.8156255671205213,1.0
869,0.0,0.5906040268456376,0.0
870,1.0,0.8785758185420796,1.0
871,1.0,0.9322027223907384,1.0
872,1.0,0.8420553916784971,1.0
873,1.0,0.8467677598569368,0.0
874,1.0,0.6272046793336463,1.0
875,1.0,0.7476401382863244,1.0
876,0.0,0.31461450583370176,1.0
877,1.0,0.7535820702290307,1.0
878,0.0,0.4367150748988437,1.0
879,1.0,0.9732455822341154,1.0
880,1.0,0.9434472763883386,1.0
881,1.0,0.9470253343929655,1.0
882,1.0,0.7874245394365034,1.0
883,1.0,0.903210457181666,1.0
884,1.0,0.7799599623451169,1.0
885,0.0,0.34376471857288865,1.0
886,1.0,0.9011441891513684,1.0
887,0.0,0.5906040268456376,0.0
888,1.0,0.7403433262750369,1.0
889,1.0,0.9062557907205316,1.0
890,0.0,0.4868536281810955,1.0
891,1.0,0.9444383891365422,1.0
892,0.0,0.4986663065170774,1.0
893,1.0,0.8251138722976478,1.0
894,1.0,0.9719870936121529,1.0
895,1.0,0.9368734809546138,1.0
896,0.0,0.4000033591626964,1.0
897,1.0,0.9817082515290038,1.0
898,1.0,0.9575124609519938,1.0
899,1.0,0.5650766257845372,1.0
900,1.0,0.7098380288698367,1.0
901,1.0,0.9563104747508376,1.0
902,1.0,0.9493123965758014,1.0
903,1.0,0.9433495749234619,1.0
904,1.0,0.8923406019420244,1.0
905,1.0,0.6839829574542187,0.0
906,1.0,0.5906040268456376,0.0
907,1.0,0.6355298337048725,1.0
908,1.0,0.9187570888237592,1.0
909,1.0,0.7975706751503842,1.0
910,1.0,0.6949830809401719,1.0
911,1.0,0.6095891037821735,1.0
912,1.0,0.7875162752536361,1.0
913,1.0,0.974292101217918,1.0
914,0.0,0.28296793378714674,1.0
915,0.0,0.10238308602648984,1.0
916,1.0,0.9699615958574584,1.0
917,0.0,0.25525634326568103,1.0
918,1.0,0.7003304392269536,1.0
919,0.0,0.465459384420624,1.0
920,1.0,0.8298024396056558,1.0
921,1.0,0.7567305390194645,1.0
922,0.0,0.5906040268456376,0.0
923,1.0,0.6960010961993377,1.0
924,0.0,0.2711723976784912,1.0
925,0.0,0.1973377153068077,1.0
926,0.0,0.5906040268456376,0.0
927,0.0,0.2896580391716941,1.0
928,1.0,0.9350243277608032,1.0
929,0.0,0.4513282565239996,1.0
930,0.0,0.3589784880259087,0.0
931,1.0,0.5906040268456376,0.0
932,1.0,0.901518968083331,1.0
933,1.0,0.970536070251066,1.0
934,0.0,0.2818122710982033,0.0
935,0.0,0.3688756570130594,1.0
936,1.0,0.825304284667412,1.0
937,1.0,0.6717589149951242,1.0
938,0.0,0.13352640784284864,1.0
939,1.0,0.9841766634930684,1.0
940,1.0,0.922297984563552,1.0
941,1.0,0.8645065990810754,1.0
942,1.0,0.9368174471357228,1.0
943,1.0,0.9594935706685974,1.0
944,0.0,0.4821357180465609,1.0
945,0.0,0.1377809690515742,1.0
946,0.0,0.41923393683712784,1.0
947,1.0,0.8784850021566929,1.0
948,1.0,0.7915160015551665,1.0
949,1.0,0.8946536350743037,1.0
950,1.0,0.7846322377980043,1.0
951,1.0,0.5598656858467758,0.0
952,1.0,0.6749873419500103,1.0
953,1.0,0.5125617186721356,1.0
954,1.0,0.5396792046337773,1.0
955,1.0,0.7796792752052388,1.0
956,1.0,0.8542407749423633,1.0
957,1.0,0.9129615561835208,1.0
958,0.0,0.3114814505387383,1.0
959,1.0,0.5790831003827652,1.0
960,1.0,0.9584877573927484,1.0
961,1.0,0.5960862344411199,1.0
962,1.0,0.8369038923813653,1.0
963,1.0,0.8597674536057464,1.0
964,1.0,0.5906040268456376,0.0
965,1.0,0.6583460356852873,1.0
966,1.0,0.5906040268456376,0.0
967,1.0,0.6820433437033907,1.0
968,1.0,0.929014973865942,1.0
969,1.0,0.7433677800374923,1.0
970,1.0,0.5906040268456376,0.0
971,1.0,0.7609692902417171,1.0
972,0.0,0.17851905506295354,1.0
973,0.0,0.09157415604882817,1.0
974,1.0,0.8670977119750337,1.0
975,1.0,0.7930262049522037,1.0
976,1.0,0.8843320674236405,1.0
977,1.0,0.7492184006818441,1.0
978,1.0,0.6991922722372534,1.0
979,0.0,0.4446348798795085,1.0
980,1.0,0.8061498835968653,1.0
981,1.0,0.5196088667708919,1.0
982,1.0,0.5857073791652495,1.0
983,1.0,0.5684071095834207,1.0
984,1.0,0.9629637827670412,1.0
985,1.0,0.5553725814927334,1.0
986,0.0,0.33479563023041914,1.0
987,1.0,0.9297166463249872,1.0
988,1.0,0.5603174707625879,1.0
989,1.0,0.7649586087555905,1.0
990,1.0,0.9464595737044368,1.0
991,1.0,0.7891552763159895,1.0
992,1.0,0.8223357305297355,0.0
993,0.0,0.4546817886574412,1.0
994,1.0,0.9020994050713552,1.0
995,1.0,0.9364929880898718,1.0
996,1.0,0.6745054812598951,1.0
997,1.0,0.8961027215867838,1.0
998,0.0,0.5906040268456376,0.0
999,1.0,0.8292957535076362,1.0
